:020000040800F2
:1000000000000220E11F00080F200008D50A0008A8
:100010000F2000080F2000080F200008000000003B
:100020000000000000000000000000000F20000899
:100030000F200008000000000F200008C50A00087B
:100040000F2000080F2000080F2000080F200008D4
:100050000F2000080F2000080F2000080F200008C4
:100060000F2000080F2000080F2000080F200008B4
:100070000F2000080F2000080F2000080F200008A4
:100080000F2000080F2000080F2000080F20000894
:100090000F2000080F2000080F2000080F20000884
:1000A0000F2000080F2000080F2000080F20000874
:1000B0000F2000080F2000080F2000080F20000864
:1000C0000F2000080F2000080F2000080F20000854
:1000D0000F200008690D00080F2000080F200008FD
:1000E0000F2000080F2000080F2000080F20000834
:1000F0000F2000080F2000080F2000080F20000824
:100100000F2000080F2000080F2000080F20000813
:10011000E10C00080F2000080F2000080F20000845
:100120000F2000080F2000080F2000080F200008F3
:100130000F2000080F2000080F2000080F200008E3
:100140000F2000080F2000080F2000080F200008D3
:100150000F2000080F2000080F2000080F200008C3
:100160000F2000080F2000080F2000080F200008B3
:100170000F2000080F2000080F2000080F200008A3
:080180000F2000080F20000809
:10019000DFED0B7AB0EEC07AB4EE677AF1EE10FACA
:1001A0000CD8B4EEE00AF1EE10FA07DBB4EEC10AA7
:1001B000F1EE10FA94BF0120002070470020704734
:1001C000FFFF7F7F30B5B0F90040002C21DBB0F994
:1001D000021000291DDBB0F90420002A19DDB0F956
:1001E0000630002B15DD2244B2F5A07F11DC0B4454
:1001F000F02B0EDCB0F90850AC420ADCAA4208DD54
:10020000B0F90A20914204DC9342D4BF00200120BF
:1002100030BD0020FCE7000070B502780346002ADC
:1002200000F084814278002A00F08081B0F87420C8
:10023000013A92B2B2F5967F80F07881C26F42F2B5
:100240002831A2F57A728A4200F27081826F41F2FF
:100250002431643A8A4200F269819FEDB61A90ED2A
:10026000180AF7EE000AFFF793FF002800F05E81FE
:10027000B3F88020013A92B2092A00F257819FED2B
:10028000AE6ADFEDAE5A9FEDAE5ADFEDAE4A1A1DF3
:10029000591C03F10C04B2EC010AB0EE461AF7EE59
:1002A000000AFFF775FF002800F0408192ED050A73
:1002B000B0EE651AF2EE040AFFF76AFF002800F0BC
:1002C0003581D2ED016AB0EE451AF0EE640AB0EE67
:1002D000660AFFF75DFF002800F0288192ED030A0F
:1002E000FFF756FF002800F02181F4EEC06AF1EE1E
:1002F00010FA80F21B8111F8010F012800F216811B
:10030000A242C8D103F13C029FED8F6ADFED8F5A04
:100310009FED8F5A03F148041146B2EC010AB0EE8A
:10032000461AF0EE650AFFF733FF002800F0FE8062
:10033000D2ED026AB0EE401AF0EE450AB0EE660A5F
:10034000FFF726FF002800F0F18092ED050AF0EE9D
:10035000660AFFF71DFF002800F0E880A242DCD10A
:10036000D3ED126AD3ED157AB3EE0E7AF4EEC76AC6
:10037000F1EE10FA00F2DA80F4EEC77AF1EE10FA3C
:10038000C0F2D4809FED737AF4EEC77AF1EE10FAE2
:10039000C0F2CC80D3ED096A93ED066AD3ED040A6E
:1003A000B0EE461AB0EE660AFFF7F2FE002800F043
:1003B000BD80D3ED035A93ED055A93ED0A0AB0EED2
:1003C000451AF0EE650AFFF7E3FE002800F0AE8064
:1003D000D3ED144A93ED174A93ED0B0AB0EE441A8D
:1003E000F0EE640AFFF7D4FE002800F09F8093ED42
:1003F000193ADFED590AB0EE001AB0EE430AFFF7E2
:10040000C7FE002800F09280D3ED1A3AB0EE630ADE
:10041000FFF7BEFE002800F0898093ED1B0AB2EEC4
:100420000E1AF0EE430AFFF7B3FE00287ED093EDDC
:100430001C0AF0EE630AFFF7ABFE002876D0D3ED7E
:10044000130A93ED161A03F13002B2EC010AFFF71A
:100450009FFE00286AD08A42F7D103F18404DFEDC1
:10046000353A9FED3E3ADFED3E2A2546002694EDD3
:10047000000AB0EE451AF0EE650AFFF789FE002883
:1004800054D094ED020AB0EE461AF0EE660AFFF779
:100490007FFE00284AD094ED010AB0EE441AF0EE37
:1004A000640AFFF775FE002840D004F10C00FFF746
:1004B00089FED8B304F11800FFF784FEB0B304F14D
:1004C000240304F13402B3EC010AB2EE041AFAEE8A
:1004D000040AFFF75DFE48B393ED030AB0EE631A1A
:1004E000F0EE430AFFF754FE00B393ED070AFFF75F
:1004F0004FFED8B19342E6D1D4ED0A7AD4ED0B1A6F
:1005000094ED092A94ED0C7A67EEA17A52EE077AFF
:10051000F0EEE77AF4EEE27AF1EE10FA06D4013664
:10052000042E05F1540503D02C46A0E7002070BD31
:100530000120FCE70000C84200401C460000FA44CD
:1005400000007A4400007AC40000B4430000B442C2
:10055000000000000000A0420AD7233C0000C8C2EF
:10056000BD3786352DE9F04F2DED028BADF5017DC0
:10057000242200212FA803F04AFB00F0ADFA01F07D
:1005800063F9A24800F02EFC002500F0F9FE00F00F
:1005900081FF044608B115B30124802138A800F07A
:1005A00039FC40B13CB99A4938A803F089FBD0B96D
:1005B000984801F063F90DF1720000F0B9FB0028D2
:1005C00040F0B48101F010FC00F000FD28B100F013
:1005D0000DFD10B1904801F051F92546D5E78F483F
:1005E00001F04CF9D8E78E4938A803F069FB0028E0
:1005F00060D18C4F97F8009097F807A097F808B053
:1006000097F8098000F0F2FC054600F0D1FC3A6C46
:100610001B92064600F0DAFC0746204600F0ECFC90
:1006200010EE100A02F054FBCDE91201012000F097
:10063000E3FC10EE100A02F04BFBCDE9140102209E
:1006400000F0DAFC10EE100A02F042FBCDE91601D0
:10065000032000F0D1FC10EE100A02F039FBCDE9C6
:100660001801042000F0C8FC10EE100A02F030FB64
:100670009DED187B8DED0E7B9DED167B8DED0C7B3E
:100680009DED147B8DED0A7B9DED127B1B9A0697E9
:10069000CDE91001CDE904628DED087BCDE902853D
:1006A000CDE900AB604A4B46A02158A803F0CCF935
:1006B00058A803E001F0D6F818B15C4800F092FBAE
:1006C00079E700F075FC0028F7D10DF173060DF104
:1006D0008C0922AF21AD56490396CDF808900197B9
:1006E000009520AB1FAA38A803F006FA052812D1FE
:1006F0009DED232ADDED221A9DED211ADDED200A64
:100700009DED1F0A00F086FC18B101F09DF84948E4
:10071000D4E74948D2E7494900961FAB24AA38A834
:1007200003F0EAF9022828D12498012801D9444885
:10073000C4E79DED1F8ADFED437AB0EEC87AB4EED0
:10074000677AF1EE10FAF2D800F056FC38EE408AE3
:10075000F0EE007AB0EEC88AB4EEE78AF1EE10FA55
:10076000E5DC9DED1F0A249800F0F8FC364A374B73
:1007700000280CBF10461846A0E7354900961FAB6D
:1007800024AA38A803F0B8F9022823D12498022813
:1007900001D9304892E79DED1F8ADFED2A7AB0EE4D
:1007A000C87AB4EE677AF1EE10FAF2D8023000F0AF
:1007B00023FC38EE408AF1EE047AB0EEC88AB4EE3B
:1007C000E78AF1EE10FAE4DC9DED1F0A249800F0B0
:1007D00069FDCBE758AD20490196009525AB24AAC9
:1007E00038A803F089F903286BD1249E731E032BCC
:1007F00009D8DDF8949009F1FF33052B03D8589FF1
:100800007B1E022B2CD9154858E700BFB086000884
:1008100018890008048700084C890008FB86000836
:100820000E870008D404002015870008838700087D
:100830009D870008B4870008EC870008FA87000845
:1008400008880008FFFF7F7FF18700087486000892
:100850001C8800082B880008448800085588000878
:10086000012E2AD0032E2AD054225343022E474D64
:100870000CBFE433F0331D4414220021444803F03C
:10088000C6F94448444A467101230371136880F84D
:1008900006900133036013602B8843816B8883814A
:1008A000AB88C381EB8803822B8943826B89C77134
:1008B000838200F081FA394800E7394DDCE7394D91
:1008C000DAE75AAB039327AB029359AB019326ABFC
:1008D0000093354904962B4625AA38A803F00CF955
:1008E000062821D11DAF1EAE25AA00233846314669
:1008F00052F804EB0EF1FF3CBCF1050F06D855F899
:1009000004CB0CF1FF39B9F1020F01D92748D5E624
:100910000133032B07F801EB06F801CBE8D101F016
:10092000C3F8234A234B23E72348C7E69DF87210F8
:1009300028AA2FA800F023FE00283FF43CAE9DF823
:10094000A430022B1ED1134B289A1B689A4219D14E
:1009500000F088FFB0B9BDF9B2300493BDF9B030F2
:100960000393BDF9AE300293BDF9AC300193BDF9EC
:10097000AA300093114A9DF8A830642158A803F0CA
:1009800063F895E628A801F0DBF814E6A0840008D7
:10099000DC010020D4010020000000205E88000857
:1009A000308500083C8500086888000883880008B6
:1009B0007F860008778600088C8800081D8900085B
:1009C0002DE9F34104469DF82080684616460F46FF
:1009D0001D4601F04CFC0A4B0193694620460097E6
:1009E00001F000FC42463146204601F04CFC4246F4
:1009F0002946204601F047FC02B0BDE8F08100BF67
:100A0000020200011FB50446684601F0B5FD4FF42F
:100A1000E133009369460C232046ADF80A3001F01B
:100A200055FD0121204601F0B1FD04B010BD0000CC
:100A3000F8B50B4E376804460D468021204601F07C
:100A4000CEFD28B12046294601F0ACFD012006E08C
:100A50003368DB1B052BF0D9024B01221A70F8BD5D
:100A6000C8040020C5040020104BDFED117A03EB11
:100A7000800393ED0F7A20EE270AC0EE077A9FEDF0
:100A80000D7A77EE877AFCEEE77A17EE903A99B214
:100A900018B94FF0804001F012BD01284FF080409E
:100AA00001D101F00EBD01F00EBD00BFA084000811
:100AB0000000FA440000FA43014B1868704700BF79
:100AC000C8040020024A136801331360704700BF56
:100AD000C8040020FEE7000030B599B000F072FEB7
:100AE000724B4FF47A721B68B3FBF2F3013BB3F124
:100AF000807F0AD24FF0E022F02153616C4B83F8E3
:100B0000231000239361072313614FF4A06001F0C9
:100B1000F9FA0121052001F041FB6648664C0121EC
:100B200001F048FB0121102001F050FB0823009345
:100B3000072562480B230A224FF44061FFF740FF6C
:100B40000A2309224FF4C06100955D48FFF738FF82
:100B50005C48FFF757FF5C48FFF754FF59480122F4
:100B600040F2255101F022FD4FF480136360564896
:100B7000012240F2255101F019FD20236360092371
:100B80000B2200934FF4C0510C234D48FFF718FF80
:100B900005A801F001FE01244FF4847305A94B4818
:100BA000ADF818308DF81B408DF81D408DF81F40B2
:100BB000ADF8145001F019FDA04218BF444B4FF09E
:100BC000000518BF1C700BA8012440F20113ADF8FA
:100BD0003830CDE90B550D9501F070FD022322460A
:100BE000374800940621FFF7EBFE224603213448E4
:100BF00001F049FB03A801F03AFB082303A9039382
:100C00002F488DF8125002238DF8103001F0EAFAC7
:100C10000FA801F081FA08A801F086FBDDE9102396
:100C2000934214BF0222224653432A4AB3FBF2F3F3
:100C3000013B08A9ADF820304FF0804044F61F6317
:100C4000099301F033FB13A801F032FC224B1393FC
:100C500013A94FF08040159501F07AFB13A94FF0CE
:100C6000804001F0B5FB13A94FF0804001F0EEFB8E
:100C700021464FF0804001F05FFB03A801F0F7FA36
:100C80004FF4007303A90D4803938DF810508DF8AD
:100C9000134001F0A7FA0FA801F03EFA0F4B0F9A8C
:100CA0009A421CBF0A4B1C7019B030BD08000020CE
:100CB00000ED00E00100080200E100E00008024051
:100CC00000000240004C0040001001400064004061
:100CD000C504002040420F0060000100007A030AB2
:100CE0000E4A1388908899B203F00E0310B580B2B3
:100CF0001BB10B4B01221A7010BD8B06FCD5094AA3
:100D00000949138809880133DBB289B29942F0D0CE
:100D10001188064C138089B26054EDE7004C004006
:100D2000C4040020C2040020C0040020C00300202E
:100D30000A4A0B4B11881B8889B29BB299420AD090
:100D4000138808499BB2CB5C037013880133DBB274
:100D50001380012070470020704700BFC0040020AE
:100D6000C2040020C00300200E4A1388908899B264
:100D700003F00E0310B580B21BB10B4B01221A70A9
:100D800010BD8B06FCD5094A09491388098801332F
:100D9000DBB289B29942F0D01188064C138089B237
:100DA0006054EDE700100140C4040020BE020020A2
:100DB000BC020020C002002070B588B0694600F077
:100DC000A6FB074E6C46002514F8011B3046FFF7C2
:100DD0002FFE10B101351E2DF6D108B070BD00BF39
:100DE000004C004038B50A4D441E14F8011F49B9A3
:100DF0000D210748FFF71CFEBDE8384004480A21D2
:100E0000FFF716BE2846FFF713FE0028EDD138BDC8
:100E1000001001402DE9F84FDFF8C8C02E4DDCF876
:100E200000402B68DFF8C090DFF8C0A0DFF8B0B05A
:100E30008046002229481746B0F800E0B9F8006063
:100E40001FFA8EFEB6B2B64506D102B12B600FB1C5
:100E5000CCF80040002029E00688B6B21AF806E077
:100E600006880136F6B2BEF10A0F068002D0BEF146
:100E70000D0F1DD12CBB002BDED002B12B6017B1A2
:100E80000022CCF8002099429CBF01F1FF3129607B
:100E90002C68134A12490020D0542246404602F0E2
:100EA0006FFF002308F804302B600120BDE8F88FA5
:100EB000002CC1D17E2B09D80BF803E001220133AD
:100EC000BAE70122002317461C46B5E70122234654
:100ED00017461446B0E700BF38020020BC020020CD
:100EE0003C02002034020020BE020020C00200208C
:100EF0002DE9F04F022987B004460F4605D9037843
:100F0000052B0ED00378062B0BD0264B01221A702E
:100F100007B0BDE8F08F022834D00128F5D156463D
:100F200005E0DFF88480DFF8849000260225AF42D8
:100F3000EED91422002101A802F069FE237806F1FF
:100F4000010A46EA032604238DF80C3063788DF8F5
:100F50000F3002960DF10F020123611E013501339E
:100F6000485D02F8010F082B01D0AF42F6D801A965
:100F700040468DF80E3001F01AFC04280646C4D015
:100F8000D9F800B03146404601F05EFCD9F8003097
:100F9000A3EB0B03142BBED90348314601F086FCAA
:100FA000B3E700BFC504002000640040C80400206F
:100FB000044A054B10681B68C01A0028D4BF0020E3
:100FC000012070472C020020C8040020054B1B782C
:100FD0002BB9054B1878003818BF01207047012045
:100FE000704700BFC5040020C4040020014B1868EE
:100FF000704700BF3002002004289DBF034B03EB65
:10100000800393ED000A9FED020A7047180200204A
:1010100000000000F0B52DED028B87B0F0EE407AB5
:10102000B0EE418AF0EE618AB0EE420AFFF7C0FFEF
:1010300020B1002007B0BDEC028BF0BDFFF7C6FF6A
:101040000028F6D101ABDFED3E6ACDED017ACDEDA2
:10105000020A8DED032ACDED041A8DED051A1C460A
:10106000B3EC017AB0EEC77AB4EE667AF1EE10FA1C
:10107000DFD801300528F3D1324E96ED037AF4EE35
:10108000C77AF1EE10FAD4D496ED057AF4EEC77A69
:10109000F1EE10FACDDCD6ED047AF4EEE70AF1EECB
:1010A00010FAC6D4D6ED067AF4EEE70AF1EE10FA9D
:1010B000BFDC03AA06F148030327F2EC017AB3EC84
:1010C000017AF4EEC77AF1EE10FAB2D493ED027A17
:1010D000F4EEC77AF1EE10FAABDC013FEDD10FCCA4
:1010E000194D0FC52368194C2B60384684ED000A52
:1010F000FFF7BAFCB0EE680A0120C4ED018AFFF7E1
:10110000B3FCB0EE480A022084ED028AFFF7ACFC83
:101110003A460121052000F085FF06203A460121CC
:1011200000F080FFFFF752FF002882D1084B01201A
:101130001860084B1A68B36F1344074A136079E7C5
:10114000FFFF7F7FA0840008180200200C0200200F
:1011500030020020C80400202C0200202DE9F041BC
:101160002DED048B012884B0044605D9002004B07D
:10117000BDEC048BBDE8F081444B1B68002BF5D01F
:10118000FFF716FF0028F1D1FFF720FF0028EDD16F
:101190009FED3F7AF0EEC07AF4EE477AF1EE10FA66
:1011A000E4D83C4E06EB8403D3ED037AF4EEC07A28
:1011B000F1EE10FADADCD3ED057AF4EEC07AF1EE56
:1011C00010FAD3D4344F07EB8403D3ED007A06EB47
:1011D000840330EE678A93ED019AF0EEC88AF6EE4A
:1011E000007A48EE897A33194FEA84089978FCEE40
:1011F000E77AB5EEC08AF1EE10FA17EE905ABCBF4E
:10120000B1FA81F149097DB1002C4FF00003CDE91D
:101210000133B6F8742096F87630CDED007A0CBF25
:101220000620052000F01CFFFFF7D0FE00289DD10E
:10123000B5EEC08AFFEE007AF1EE10FAB7EE007A52
:10124000B8BFB0EE677A07EE905AF8EE677A474477
:1012500067EE877AD7ED006A104BB26F1B6887EE96
:10126000897A06EB84041344012077EE267AC7EDD1
:10127000007AD4ED077A68EEA78AFCEEE88A18EEC9
:10128000902A1A441346064A136070E73002002081
:10129000FFFF7F7FA084000818020020C804002000
:1012A0002C020020022810B5014601D9002010BDF3
:1012B000284B1B68002BF9D0FFF77AFE0028F5D1E8
:1012C000FFF784FE0028F1D19FED237AF0EEC07A7B
:1012D000F4EE477AF1EE10FAE8D8204800EB8103EB
:1012E000D3ED127AF4EEC07AF1EE10FADEDCD3ED33
:1012F000157AF4EEC07AF1EE10FAD7D4184B194AE9
:1013000003EB8103D3ED027A174B1468126803EBE9
:101310008103C3ED007A154B03EB810383ED000AD3
:1013200030EE670AD0ED187A114BB0EEC00A20EE0D
:10133000270A1C60BCEEC00A0E4C10EE103A643353
:1013400023600D4C2160816F0A4413440B4A012035
:101350001360ACE730020020FFFF7F7FA08400080D
:1013600018020020C8040020000200200C02002007
:10137000FC010020F8010020040000202C020020C5
:1013800010B52B4A1068002886B03BDB294B2A4950
:101390001B6809685B1A07EE903A284BD3ED006A88
:1013A000B8EE677AF8EE666AC7EE267AB7EE007A8C
:1013B000F4EEC77AF1EE10FAA4BF4FF0FF331360DA
:1013C0001F4BA8BFF0EE477A77EEA76A03EB8003C6
:1013D00093ED000A1B4BB0EE087A37EE667A67EEA3
:1013E000A77A03EB800367EE277A93ED007A164B1A
:1013F00037EE407A03EB800307EE870A83ED020A9B
:10140000FFF732FB114C0021204601F0ACFA48B93D
:101410000F490E4801F0B2FA10B10E4B01221A70BA
:1014200006B010BD01AA0021204601F051FAEAE7FA
:1014300004000020C8040020FC010020F801002066
:10144000000200200C02002018020020006400406E
:101450000400F010C50400200A4B4FF0FF3210B515
:101460001A60094B00241C60084B1A68084B21467F
:1014700005201A6000F029FE21460620BDE8104034
:1014800000F023BE0400002030020020C804002029
:101490002C02002008B50D484FF4007100F0EDFE5D
:1014A0000B4B78B918680B490B4A18B90120186022
:1014B0000B68136008681368C01A1D2894BF0020C9
:1014C000012008BD00201860FBE700BF00080240B3
:1014D000F4010020C8040020F001002030B50246CD
:1014E000014441F221054FF6FF708A4200D130BD20
:1014F00012F8013B082480EA032003B2002BB4BF9A
:1015000085EA43034300013C98B2F6D1EDE738B5D4
:101510000C4605461D220021601C02F078FBA52325
:1015200023705A2363700123A3702B79E3702B6817
:1015300023712B681B0A63716B88A371EB78E371CD
:101540006B792372AB796372EB79A3722B461835F2
:1015500013F8082FE272224633F8021F117319881C
:101560009D424FEA1121517302F10202F4D11C2174
:101570002046FFF7B3FF2077000A607738BDF8B543
:10158000036A15465A1C0262C1540446471C266A67
:10159000CEB12378A52B18D1012E14D063785A2B05
:1015A00013D11D2E0FD9A378A78B012B05D11C2198
:1015B0002046FFF793FFB8420ED0721E2262611CD4
:1015C000204602F00AFB0020F8BD721E2262394656
:1015D000204602F002FBDAE7E3782B71A379627907
:1015E0001B0443EA0223E27943EA026322791343AC
:1015F0002B60237A6B71637AAB71A37AEB71E37A18
:1016000005F8083F04F110012346587B1A7B02338A
:1016100042EA00228B4225F8022FF6D100232362F2
:101620000120D1E70B4A116808B5034609B90A49F8
:101630001160002B04DB10680849091A994206DA88
:1016400002F038FB0C2303604FF0FF3008BD034469
:101650001360FBE7CC04002068060020680E002021
:1016600008B502F027FB092303604FF0FF3008BDE7
:101670004FF400534B600020704702288CBF0020BD
:101680000120704708B502F015FB1D2303604FF0E1
:10169000FF3008BD08B502F00DFB0B2303604FF0CF
:1016A000FF3008BD08B502F005FB092303604FF0C9
:1016B000FF3008BD0120704708B502F0FBFA162381
:1016C00003604FF0FF3008BD08B5FFF7C5FEFEE729
:1016D000364AD2F8883043F4700382B0C2F88830BA
:1016E000334B1A68002142F001021A6099601A68AF
:1016F00022F0847222F480321A602E4A5A601A68EC
:1017000022F480221A60D960009101911A6842F493
:1017100080321A601A6802F400320192009A013293
:101720000092019A1AB9009AB2F5A04FF2D11B6843
:1017300013F4003318BF01230193019B012B2ED119
:101740001B4B1D491A6C42F080521A640A6842F41D
:1017500040420A609A689A609A6842F400429A602D
:101760009A6842F4A0529A60144A5A601A6842F089
:1017700080721A601A689201FCD5114A40F2057114
:1017800011609A6822F003029A609A6842F002029D
:101790009A60074A936803F00C03082BFAD1034BB5
:1017A0004FF000629A6002B0704700BF00ED00E0A9
:1017B00000380240103000240070004008544007F8
:1017C000003C0240154B9A6802F00C02042A21D01A
:1017D000082A21D159685A685B684902C3F3881303
:1017E0004CBF0F490F4902F03F02B1FBF2F25343E5
:1017F0000A4A5268C2F3014201325200B3FBF2F3CB
:10180000064A09499268C2F303128A5CD340074A28
:1018100013607047024BF3E7024BF1E700380240D8
:1018200000127A000024F400328C00080800002026
:1018300010B5044C0023207063812373FFF73CF93B
:10184000A06110BDD404002008B5044B4022002143
:10185000184602F0DCF9024A026408BDD4040020F4
:101860005B890008044B187820B11538012894BF13
:1018700000200120704700BFD404002010B50446AA
:10188000FFF7EAFD044B16201C64FFF7D1FF20464A
:10189000BDE81040FFF7A6BAD404002010B50B4BEA
:1018A0009A7A0C464AB901229A72FFF7FBFC60B99A
:1018B000BDE810400648FFF7E1BFFFF779FB20B90C
:1018C0002046BDE81040FFF7B3BF10BDD404002090
:1018D0006089000810B50B4B9A7A0C464AB9012270
:1018E0009A72FFF73BFC60B9BDE810400648FFF76D
:1018F000C5BFFFF75DFB20B92046BDE81040FFF7EC
:1019000097BF10BDD40400206F8900082DE9F04175
:101910002DED028B07460D46FFF74AFB002840F0ED
:10192000B1805A4CE17A002940F0AC80142204F1D5
:101930002C0002F06CF9564A84F82970012384F8CF
:1019400028301368013313606362E3792344012F65
:101950005A781B7984F82A2084F82B302A88E2856B
:101960006A882286AA886286EA88A28670D0032FB7
:101970006CD0484E013B5422042F02FB036668D111
:1019800006F144080020FFF737FB042F0ABF424B43
:10199000D6ED007AD3ED0A7A042070EE678AFFF75D
:1019A0002BFBD6ED017AB5F90830B5F9002098ED9A
:1019B000026AD8ED036A30EE677A00EE103AD8ED8D
:1019C000007AB5F90A30B8EEC00A08EEA70AD8EDD9
:1019D000017A07EE270A07EE902AF8EEE77A08EE7A
:1019E000103AB4EEE70AF1EE10FA28D4B5F9043053
:1019F000134407EE903AF8EEE77AB4EEE70AF1EE18
:101A000010FA1CDAB8EEC88A08EE868AB5F9022008
:101A100007EE268A07EE902AF8EEE77AB4EEE78A18
:101A2000F1EE10FA0BD4B5F90630134407EE903AF4
:101A3000F8EEE77AB4EEE78AF1EE10FA0CDBBDECD3
:101A4000028B1648BDE8F041FFF718BF144E97E728
:101A5000134E06F1340895E700F0A8FFB0EE480AEF
:101A6000E08600F0A3FF636A23612087FFF724F874
:101A70000123E372BDEC028B6061BDE8F0410948CF
:101A8000FFF79AB9BDEC028BBDE8F081D4040020C9
:101A9000D004002078850008A08400087D89000813
:101AA00024850008F8040020F8B5224C2378064667
:101AB0000D460BB10020F8BD1F48FEF7ADFB002816
:101AC000F8D0FFF793FA0028F4D0FFF771FA002856
:101AD000F0D1FFF77BFA03460028EBD1F15C4A1EF8
:101AE000052AE7D8E85C421E022AE3D80022934286
:101AF00017D10133032BF1D13288A4F801200F4B09
:101B0000B2789A702988AA78A1805A710023E3716B
:101B10002381012000232362E361FFF789FE012076
:101B2000C9E7B75C8F42C5D0AF5C8742C2D00132F3
:101B3000DDE700BFD4040020A0840008D504002005
:101B4000F8B52DED028B9E4CE37A0546002B73D041
:101B50000379022B70D1026823699A426CD14668DE
:101B6000A36A5E4026F07F4626F0FF06002E63D172
:101B7000C27994F82B309A425ED1FEF79DFF914FC7
:101B80006369C01AFB6F984206D98F48BDEC028B7F
:101B9000BDE8F840FFF772BEE6722B7A03F003034C
:101BA000032B0ED1B5F90E303B2B0ADD6B89B5F94D
:101BB0000A10B3F5A07F04D2AA89B5F90C30EF2A38
:101BC00007D9237B0133DBB2022B237334D97F483F
:101BD000DCE7B4F92E0081420DDBB4F93220024477
:101BE000914208DAB4F93000834204DBB4F93420BE
:101BF0000244934201DB7648C8E720780A2801D0E6
:101C0000132811D1B4F936208A1A002AB8BF5242DB
:101C1000062A07DCB4F938209A1A002AB8BF5242C3
:101C2000062A03DD6B48B1E70E281AD00E2806D825
:101C3000062837D00A280BD0BDEC028BF8BD13283C
:101C4000FAD100236372237A01332372142002E055
:101C5000012363720B20BDEC028BBDE8F840FFF757
:101C6000E7BDE279224454251279013A05FB02725C
:101C7000D832B4F93650491BB4F9385081EAE176CC
:101C80005B1BB7F98050A6EBE176AE420CDC83EA31
:101C9000E376A6EBE376B54206DB062814BF0F20F9
:101CA0000720D8E74C4AE4E7207B0130C0B20C287B
:101CB000207301D9494869E707EE103A07EE901AF8
:101CC000B8EEC78AD2ED0A8A92ED097AD2ED0C6A93
:101CD000F8EEE77A68EE288A47EE878A92ED0B7A6B
:101CE00028EE268A07EE878A97ED197AF0EEE87AD1
:101CF000F4EEC77AF1EE10FA09DD18EE903AF0EE44
:101D0000C77A002BB8BFF1EE677AF0EE678AD7ED9D
:101D10001A7AF0EEC86AF4EEE76AF1EE10FA09DD1D
:101D200018EE103AF0EEE76A002BB8BFF1EE666AE3
:101D3000B0EE668AB0EEE86AC6EE076AB0EEC86A30
:101D400086EE277AF4EEC76AF1EE10FA1BDBD4EDCB
:101D5000077A97ED1B7A78EEA77AC4ED077AF0EE52
:101D6000E77AF4EEC77AF1EE10FA01DD1C480DE7D0
:101D70000020FFF741F9002030EE280AFFF7EEF9C6
:101D80000028F3D058E7D4ED087A97ED1C7A78EE66
:101D9000277AC4ED087AF0EEE77AF4EEC77AF1EE2E
:101DA00010FA01DD0F48F1E60420FFF725F90220C3
:101DB00030EE080AFFF776FA0028F3D03CE700BFC0
:101DC000D4040020A08400088D8900089A890008A6
:101DD000AD890008C089000824850008D089000862
:101DE000E4890008F289000810B5FFF73BFD0028E0
:101DF0005DD0FFF7EBF820B16B48BDE81040FFF76E
:101E00003DBD6A4CFEF758FEA369C01A4EF660232A
:101E1000984201D96648F0E7E37A4BB1FEF74CFEF1
:101E20006369C01A634BDB6F984201D96248E4E7EB
:101E3000E3792178E21801391279013A132900F285
:101E4000B080DFE801F00A0F18232953595F646658
:101E5000696B7381878F9395979D0221554B93ED05
:101E6000090A4DE00321534B93ED0A0A0020BDE817
:101E70001040FFF72FBD4F4A02EB830393ED0C0A8E
:101E800004210120BDE81040FFF708BD494B93ED48
:101E9000220A05210220F5E7A07A48B99FED470AFA
:101EA000FFF700FA08B94648A7E70123A37210BD5F
:101EB00001280CD1FFF77CF848B93E4B93ED210A7D
:101EC000FFF74CF908B93F4897E70223EEE7A37AFA
:101ED000022BECD1FFF76CF80028E8D10023236235
:101EE000E3610620BDE81040FFF7A2BC364901209F
:101EF000BDE81040FFF70ABD2E4B93ED230A0821E1
:101F00000120B4E70921B3EE0E0A0020BAE70A2146
:101F1000A4E72E490320EBE70C21A4E7254B54212D
:101F200001FB023393ED370A0D21B3E7214B542116
:101F300001FB023393ED360A0E210020FFF7CAFCA5
:101F400000232362E361B2E7214B542101FB0231FC
:101F50000220CDE7174B542101FB023393ED380AE1
:101F60001021CDE79FED150A1121CEE7122175E76B
:101F7000132178E7174B542101FB02310420B7E706
:101F80000133DBB2022BE37101D80120AAE702235F
:101F90001520E371FFF74CFCBDE810400E48FEF73A
:101FA00021BF0E4829E700BF4C890008D404002057
:101FB000048A0008A0840008128A00080000A042D9
:101FC000218A00082B8A0008308500083C8500081B
:101FD0008485000890850008328A00083B8A000842
:101FE000FFF776FB0A480B490B4A914204D250F89E
:101FF000043B41F8043BF8E70849094A00239142B1
:1020000002D241F8043BFAE7FEF7ACFAFEE7FEE73E
:10201000B88E000800000020D4010020D401002068
:10202000640600207FB506460D46144600211022A6
:10203000684601F0ECFDF3238DF80130AB238DF8F9
:10204000023006216B2368468DF800608DF803503E
:102050008DF804408DF80530FEF74AFF04B070BDDE
:102060002DE9FF41154680460F46102200216846A3
:102070000A9C1E4601F0CBFDFD238DF801302B0A92
:102080008DF80330230E8DF80630230C8DF80730C1
:102090009DF82C308DF80A309DF830308DF80B30DB
:1020A00064BA6B230D2168468DF800808DF80270AC
:1020B0008DF804508DF80560ADF808408DF80C30AF
:1020C000FEF716FF04B0BDE8F08130B585B00546D7
:1020D0000C4610220021684601F099FDFE238DF880
:1020E000013098238DF8023005216B2368468DF866
:1020F00000508DF803408DF80430FEF7F9FE05B06E
:1021000030BD0000034B40F0BF6040F40030D860A9
:10211000704700BF00ED00E01C4B9A6802F00C0213
:10212000042A10B52ED0082A2ED159685A685B6847
:102130004902C3F388134CBF1549164902F03F0208
:10214000B1FBF2F25343114A5268C2F30142013229
:102150005200B3FBF2F30D4A036094680E49C4F3D6
:1021600003140C5DE34043609468C4F382240C5D67
:1021700023FA04F484609268C2F342328A5CD3404A
:10218000C36010BD024BE6E7024BE4E700380240B3
:1021900000127A000024F400428C0008044B1A6BF1
:1021A00011B102431A63704722EA0002FAE700BF46
:1021B00000380240044B1A6C11B102431A64704794
:1021C00022EA0002FAE700BF00380240044B5A6CD2
:1021D00011B102435A64704722EA0002FAE700BFD5
:1021E000003802402DE9F0410022012603250B684A
:1021F00006FA02F737EA030334D10368540005FAFC
:1022000004FE23EA0E0303600B79D0F800806FEA26
:102210000E0C03FA04FE013B4EEA080E012BC0F837
:1022200000E014D883680CEA030383604B79D0F88C
:1022300008C0A34043EA0C038360436823EA070312
:1022400043608B79476893409BB23B434360C368CC
:1022500005FA04F723EA0703C360CB79C768A340F4
:102260003B43C3600132102AC1D1BDE8F0814FF673
:10227000FF720023C0E9002370470369194214BFAD
:1022800001200020704701F00703C90800EB81001E
:1022900010B5016A9B000F249C4021EA04010162F1
:1022A000016A9A400A43026210BD00001C4A03887A
:1022B00090429BB212D002F5806290420ED0B0F1F3
:1022C000804F0BD0A2F58032904207D002F5806299
:1022D000904203D002F58062904209D14A8823F0EF
:1022E000700313430A8923F440739BB2134306E03F
:1022F0000C4A904203D002F580629042F2D10380F2
:102300004B68C3620B880385054B984203D003F5E5
:102310008063984201D18B7A0386012383827047C0
:10232000000001400010004000234FF0FF32C0E9E0
:102330000032038183727047038821B19BB243F05E
:1023400001030380704723F001031B041B0CF8E713
:10235000038C23F010031B041B0C70B50384038C47
:102360008488028B0D884E8822F4E6421204120CF7
:1023700042EA052223F020038D891B0435431B0C00
:1023800043EA0513114DA842A4B292B29BB203D006
:1023900005F58065A84213D1CD894E8A23F08003CC
:1023A00043EA05134FF6BF751D408B8845EA0315B8
:1023B000ABB20D8A24F44064354344EA8504A4B2E8
:1023C000848002838A688263038470BD00000140B8
:1023D000038C23F480731B041B0C70B50384038CE3
:1023E0008288848B0D884E8824F073042404240C86
:1023F0002C4323F400738D891B0435431B0C43EAE3
:102400000523114DA84292B29BB203D005F5806519
:10241000A84213D1CD894E8A23F4006343EA0523F1
:102420004FF6FF351D408B8845EA0325ABB20D8A78
:1024300022F44052354342EA051292B282808A6801
:102440008483C263038470BD00000140038C23F4C5
:1024500080531B041B0C70B50384038C8488828B0F
:102460000D884E8822F4E6421204120C42EA05223C
:1024700023F400538D891B0435431B0C43EA0533B9
:102480000A4DA842A4B292B29BB203D005F5806572
:10249000A84205D10D8A24F4804444EA8514A4B2EC
:1024A000848082838A680264038470BD00000140D6
:1024B0000023C0E9023303608380036170478163B6
:1024C0007047C1637047016470470000038ACA887F
:1024D00030B59BB223F44053134385B00382828905
:1024E0008B880D46098922F4B0520B43698922F08A
:1024F0000C020B431204120C9BB213438381838A98
:10250000AA899BB223F4407313438382044668462E
:10251000FFF702FE174B9C4203D003F580639C42F9
:1025200026D1039BA189192253432A680D044FF039
:1025300064014CBF52009200B3FBF2F3B3FBF1F025
:1025400001FB10330201A08900044BBFDB001B011B
:10255000323332334BBFB3FBF1F3B3FBF1F303F090
:10256000070303F00F0313439BB2238105B030BD73
:10257000029BD7E7001001404FF416520023C0E938
:1025800000234FF44022826083817047838921B108
:102590009BB243F400538381704723F400531B0420
:1025A0001B0CF8E7C1F308018180704710B5C1F337
:1025B0004214012301F01F01012C03FA01F305D19C
:1025C0000C3042B102681343036010BD022C0CBFF3
:1025D00010301430F5E7026822EA0303F4E70388B9
:1025E000194214BF012000207047026822F0020245
:1025F0000260026842F00102026003464FF480323A
:102600005868C00701D4013AFAD1586810F00100A7
:1026100053D08A79012A1A680CBF42F0800222F056
:1026200080021A60CA79012A1A680CBF42F040027F
:1026300022F040021A600A7A012A1A680CBF42F09E
:10264000200222F020021A604A7A012A1A680CBF7E
:1026500042F0100222F010021A608A7A012A1A68E7
:102660000CBF42F0080222F008021A60CA7A012A5E
:102670001A680CBF42F0040222F004021A60CA7801
:102680008878120642EA8072087942EA0042487964
:10269000098842EA005201390A43DA611A6822F0D5
:1026A00001021A604FF480325968C90701D5013A16
:1026B000FAD15868C04300F001007047354A837A68
:1026C00030B5D2F8004244F00104C2F80042D2F81A
:1026D0001C520121994025EA0105C2F81C52057BD4
:1026E000CC43002D34D1D2F80C52DB002540C2F887
:1026F0000C5203F18043C588428803F5C84342EA7F
:102700000542C3F840228588028842EA0542C3F8A0
:102710004422C37A1F4A83BBD2F80432234005897E
:10272000C2F804321B4B65BBD2F814522C40C2F8DD
:102730001442427B012A02BFD3F81C220A43C3F889
:102740001C22D3F8002222F00102C3F8002230BD7F
:10275000012DDED1D2F80C52DB000D43C2F80C5231
:1027600003F180430588428803F5C84342EA0542E5
:10277000C3F840228588C288C7E7D2F804320B43E9
:10278000CDE7012D02BFD3F814220A43C3F8142267
:10279000CFE700BF006400400123038040F2032222
:1027A000002343808280C380038143817047836814
:1027B000F0B50446580139D4A3681A0138D4A36887
:1027C000DB003FD5022004EB0013D3F8802102F098
:1027D0000102C3F880210D7A4A7A5DBB0E68D3F8F6
:1027E000805142EA46522A43C3F880218A7A02F095
:1027F0000F028A72D3F8845125F00F05C3F8845173
:10280000D3F884512A43C3F8842104EB0014D1F88F
:102810000B20C4F88821D1F80F20C4F88C21D3F8FC
:10282000802142F00102C3F88021F0BD0020CAE7F8
:102830000120C8E74F68D3F8806142EAC7022A4303
:102840003243D1E70420F0E701290AD0022914D04D
:1028500019BB8268124B02EA0300934307D101209F
:1028600009E083680F4818400D4B98420DD8B0FA24
:1028700080F040094000C0B27047806820F06F408F
:1028800020F47C00000C0004EEE7064B9842E6D0F2
:10289000054BC31A58425841EDE70220EBE700BF51
:1028A000030000040003000800000310012907D002
:1028B000022909D019B9836843F080038360704707
:1028C000836843F40043F9E7836843F40003F5E7C2
:1028D00000EB011310B5D3F8B04104F004041472F6
:1028E000BCBBD3F8B041640D1460D3F8B04104F020
:1028F00002045472D3F8B44104F00F049472D3F874
:10290000B4311B0AD37400EB0113D3F8B841D4726D
:10291000D3F8B841240A1473D3F8B841240C547383
:10292000D3F8B841240E9473D3F8BC41D473D3F8D0
:10293000BC41240A1474D3F8BC41240C5474D3F859
:10294000BC311B0E937449B9C36843F02003C360C4
:1029500010BDD3F8B041E4085460C6E7036943F002
:1029600020030361F4E719B9C06800F00300704761
:10297000012901D10069F8E70020704711F4700FB8
:1029800007D080690840C0F31300003818BF012049
:102990007047CB0101D54068F4E70A0101D5806892
:1029A000F0E78B014CBFC0680069EBE710EE101A2E
:1029B000C1F3C7530029A3F17F02ACBF01204FF040
:1029C000FF301E2A1ADC002A03DA013218BF002069
:1029D0007047162AD8BF4FF48003C1F31601D8BF41
:1029E000134141F40001CDBF963B5B18C2F11702C1
:1029F00001FA03F3D8BFD34058437047FDEEC07AC5
:102A000017EE900A7047000081F0004102E000BF1D
:102A100083F0004330B54FEA41044FEA430594EA9E
:102A2000050F08BF90EA020F1FBF54EA000C55EAD9
:102A3000020C7FEA645C7FEA655C00F0E2804FEAAA
:102A40005454D4EB5555B8BF6D420CDD2C4480EA8C
:102A5000020281EA030382EA000083EA010180EABC
:102A6000020281EA0303362D88BF30BD11F0004F0A
:102A70004FEA01314FF4801C4CEA113102D0404240
:102A800061EB410113F0004F4FEA03334CEA13337B
:102A900002D0524263EB430394EA050F00F0A78093
:102AA000A4F10104D5F1200E0DDB02FA0EFC22FA8E
:102AB00005F2801841F1000103FA0EF2801843FA82
:102AC00005F359410EE0A5F120050EF1200E012A73
:102AD00003FA0EFC28BF4CF0020C43FA05F3C018B1
:102AE00051EBE37101F0004507D54FF0000EDCF12A
:102AF000000C7EEB00006EEB0101B1F5801F1BD3D3
:102B0000B1F5001F0CD349085FEA30004FEA3C0CD6
:102B100004F101044FEA445212F5800F80F09A80CC
:102B2000BCF1004F08BF5FEA500C50F1000041EBD0
:102B3000045141EA050130BD5FEA4C0C404141EBD4
:102B40000101013C28BFB1F5801FE9D291F0000FCF
:102B500004BF01460020B1FA81F308BF2033A3F17E
:102B60000B03B3F120020CDA0C3208DD02F1140C75
:102B7000C2F10C0201FA0CF021FA02F10CE002F1B0
:102B80001402D8BFC2F1200C01FA02F120FA0CFCA9
:102B9000DCBF41EA0C019040E41AA2BF01EB0451F2
:102BA000294330BD6FEA04041F3C1CDA0C340EDCF0
:102BB00004F11404C4F1200220FA04F001FA02F333
:102BC00040EA030021FA04F345EA030130BDC4F1F1
:102BD0000C04C4F1200220FA02F001FA04F340EAE6
:102BE0000300294630BD21FA04F0294630BD94F097
:102BF000000F83F4801306BF81F480110134013D7E
:102C00004EE77FEA645C18BF7FEA655C29D094EAEE
:102C1000050F08BF90EA020F05D054EA000C04BF6C
:102C20001946104630BD91EA030F1EBF0021002057
:102C300030BD5FEA545C05D14000494128BF41F0F6
:102C4000004130BD14F580043CBF01F5801130BD5A
:102C500001F0004545F0FE4141F470014FF00000E5
:102C600030BD7FEA645C1ABF194610467FEA655C96
:102C70001CBF0B46024650EA013406BF52EA033538
:102C800091EA030F41F4002130BD00BF90F0000F26
:102C900004BF0021704730B54FF4806404F1320462
:102CA0004FF000054FF0000150E700BF90F0000F1B
:102CB00004BF0021704730B54FF4806404F1320442
:102CC00010F0004548BF40424FF000013EE700BF12
:102CD00042004FEAE2014FEA31014FEA02701FBFA2
:102CE00012F07F4393F07F4F81F06051704732F0D4
:102CF0007F4208BF704793F07F4F04BF41F400212B
:102D0000704730B54FF4607401F0004521F0004188
:102D10001CE700BF50EA010208BF704730B54FF012
:102D200000050AE050EA010208BF704730B511F013
:102D3000004502D5404261EB41014FF4806404F14B
:102D400032045FEA915C3FF4D8AE4FF003025FEAD1
:102D5000DC0C18BF03325FEADC0C18BF033202EB55
:102D6000DC02C2F1200300FA03FC20FA02F001FAAF
:102D700003FE40EA0E0021FA02F11444BDE600BF52
:102D80002DE9FF4757EC106B002F0C4619463B46C8
:102D9000BBBF07F100431F4600232D230B700D9B83
:102DA000DDF830A0914623F02008BCBF324616461D
:102DB000B8F1460F05D0B8F1450F00D1013402211A
:102DC00000E0032103AB019302AB009347EC106BCF
:102DD0005346224601F078F8B8F1470F054619D15D
:102DE00019F0010F0ED000EB040900220023304639
:102DF000394605F03FFA08B1CDF80C903022039B1C
:102E00004B451ED3039B0E9A5B1B2846136004B0F0
:102E1000BDE8F087B8F1460F00EB0409E5D103786F
:102E2000302B0AD1002200233046394605F022FA21
:102E300018B9C4F10104CAF80040DAF80030994426
:102E4000D3E7591C03911A70D9E7F7B50029BABF27
:102E500049422D232B2309290270437029DD0DF1EE
:102E600007031D460A271A46B1FBF7F607FB16149F
:102E7000303402F8014C0C46632C03F1FF33314629
:102E8000F1DC3031941E03F8011C411C2346AB4297
:102E90000AD30DF109039B1AAC4288BF0023023309
:102EA0000344181A03B0F0BD13F8016B01F8016F69
:102EB000EDE7302330318370C170031DF1E700006E
:102EC0002DE9F04F8DB00C46DDF8588016461F46B0
:102ED000054600F0A5FE03680493184600F05EFF67
:102EE00000230A93D8F800300590073323F0070336
:102EF00003F1080294F818A0D4F800B0C8F8002034
:102F0000D3E9008929F000430793CDF81880C4E97C
:102F10001289DDE906019C4B4FF0FF3205F0DCF928
:102F200070BBDDE90601984B4FF0FF3205F0B6F9B2
:102F300030BB002200234046494605F0A5F910B1F8
:102F40002D2384F84330914A914BBAF1470F8CBF3F
:102F500090469846032323612BF0040323604FF02F
:102F60000009009733460BAA2146284600F0D2F903
:102F7000013040F08D804FF0FF300DB0BDE8F08F94
:102F800042464B464046494605F0A6F940B14B46FD
:102F9000002BBCBF2D2384F843307E4A7E4BD4E700
:102FA00063680AF0DF0206925A1C3BD10623636075
:102FB0004BF480620023226003930AABCDE901A3A6
:102FC00009AB0093616849EC108B0DF1230328468F
:102FD000FFF7D6FE069B0999472B804629D1C81CCE
:102FE00002DB6368994241DDAAF1020A5FFA8AFABC
:102FF0000139524604F150000991FFF726FF0A9A61
:103000001318012A8146236102DC2268D20701D508
:10301000013323619DF82330002BA2D02D2384F8A7
:1030200043309EE7069A472AC2D1002BC0D1012324
:10303000BDE7BAF1650FDBD9BAF1660F18D10029E7
:1030400063680BDD216113B92268D00702D5013313
:103050000B442361A1654FF00009DBE713B9226837
:10306000D20701D50233F4E70123F2E74FF0670AF4
:103070000A9B994205DB23682161D807EAD54B1CDE
:10308000E7E70029D4BFC1F1020201221344E0E7BF
:1030900023685A0507D42369424631462846B84773
:1030A00001302BD167E7BAF1650F40F2DD80D4E93A
:1030B00012010022002305F0DDF8002833D0374A42
:1030C000012331462846B84701303FF454AFDDE9CB
:1030D0000938434502DB2368D8070FD5DDE904230F
:1030E00031462846B84701303FF445AF4FF000095C
:1030F00008F1FF3804F11A0AC84509DC23689B0768
:1031000000F10381E0680B9B9842B8BF184634E792
:103110000123524631462846B84701303FF42BAFD1
:1031200009F10109E8E7099B002B39DC1B4A01235F
:1031300031462846B84701303FF41DAFDDE9093973
:1031400059EA030302D12368D907D7D5DDE904235F
:1031500031462846B84701303FF40DAF4FF0000A22
:1031600004F11A0B099B5B42534501DC4B4693E784
:1031700001235A4631462846B84701303FF4FBAE9A
:103180000AF1010AEEE700BFFFFFEF7F498A00085E
:10319000458A0008518A00084D8A0008898B00087A
:1031A000A36DDDF828A05345A8BF5346002B9946D0
:1031B00036DC4FF0000B29EAE97904F11A02A36D1D
:1031C0000693A3EB09035B4531DC099B9A453ADC86
:1031D0002368DA0737D4099BAAEB0309069BAAEBFD
:1031E00003039945A8BF9946B9F1000F33DC4FF0AE
:1031F000000829EAE97904F11A0B099BAAEB0303F9
:10320000A3EB090343457FF779AF01235A463146C3
:103210002846B84701303FF4AEAE08F10108ECE7AC
:10322000424631462846B8470130C2D1A3E60123C1
:10323000314628460692B84701303FF49CAE069AC4
:103240000BF1010BBBE7DDE9042331462846B84703
:103250000130C0D18FE6069A4B464244314628469B
:10326000B8470130C3D186E6DDF828A0BAF1010FD6
:1032700001DCDB0736D50123424631462846B847F4
:1032800001303FF478AEDDE9042331462846B847E3
:1032900001303FF470AED4E91201002200230AF19C
:1032A000FF3A04F0E7FFC0B9534608F10102314686
:1032B0002846B84701300CD15DE601235A46314615
:1032C0002846B84701303FF456AE08F10108D04512
:1032D000F3DB4B4604F15002DFE64FF0000804F147
:1032E0001A0BF4E701234246E1E701234A4631463F
:1032F0002846B84701303FF43EAE08F10108E368C4
:103300000B995B1A4345F0DCFCE64FF0000804F132
:103310001909F4E72DE9F047164698468A680B69C3
:10332000DDF820909342B8BF1346336091F84320F4
:1033300007460C460AB1013333602368990642BF41
:10334000336802333360256815F0060506D104F1B1
:10335000190AE36832689B1AAB4226DC94F84330C2
:103360002268003B18BF012392062BD404F14302CC
:1033700041463846C84701301ED02368226903F011
:103380000603042B02BFE5683368ED1AA3680CBF7F
:1033900025EAE57500259342C4BF9B1AED18002667
:1033A0001A34B5421AD1002008E0012352464146A2
:1033B0003846C847013003D14FF0FF30BDE8F087F1
:1033C0000135C6E7E1185A1C302081F84300224439
:1033D00094F8451082F843100233C7E701232246D0
:1033E00041463846C8470130E6D00136D9E70000EB
:1033F0002DE9FF470F7E0C9E782F914680460C46A4
:103400009A4601F1430207D8622F0AD8002F00F034
:10341000D180582F00F0B88004F1420684F8427041
:103420003AE0A7F16303152BF6D801A151F823F078
:10343000893400089D340008193400081934000844
:1034400019340008193400089D34000819340008A4
:103450001934000819340008193400089B35000895
:10346000C73400085535000819340008193400081D
:10347000BD35000819340008C734000819340008A5
:10348000193400085D35000833681A1D1B68326066
:1034900004F1420684F8423001239CE0336820683E
:1034A000191D3160060601D51D6803E04506FBD5F0
:1034B000B3F90050002D03DA2D236D4284F8433018
:1034C00058480A2311E021683368080653F8045B62
:1034D00002D4490648BFADB26F2F5248336014BFC3
:1034E0000A230823002184F843106668A660002E92
:1034F00005DB21682E4321F0040121604BD01646E4
:10350000B5FBF3F103FB1157C75D06F8017D2F46AC
:10351000BB420D46F4D9082B0BD12368DF0708D531
:10352000236961689942DEBF302306F8013C06F149
:10353000FF36921B2261CDF800A04B4603AA21461C
:103540004046FFF7E7FE01304AD14FF0FF3004B0AC
:10355000BDE8F087236843F02003236032487827D2
:1035600084F84570236831681F0651F8045B02D463
:103570005F0648BFADB23160D90744BF43F02003B6
:1035800023601DB11023ADE72648E9E7236823F047
:1035900020032360F6E71646BDE7336825686169B6
:1035A000181D30602E061B6801D5196002E0680600
:1035B000FBD51980002323611646BCE733681A1D2A
:1035C00032601E6862680021304600F089FB08B155
:1035D000801B606063682361002384F84330AAE79E
:1035E0002369324649464046D0470130ADD0236872
:1035F0009B0713D4E068039B9842B8BF1846A6E720
:103600000123324649464046D04701309DD001351E
:10361000E36803995B1AAB42F2DCEBE7002504F1A7
:103620001906F5E7558A0008668A00082DE9F04F6B
:1036300087B0914603938B685A1EB2F5AE7F81BF67
:103640006FF4AE7503EB050B40F25D138B600B68F6
:103650000A464FF0000543F4F06342F81C3BCDE905
:10366000045580460C4698BF4FF0000B0192164659
:10367000AA462F460295A2685AB1D9F800301B78A5
:103680004E2B63D8402B3BD8A3F12B01C8B20E2898
:1036900039D91FB1236823F4807323600AF1FF3AFC
:1036A000BAF1010F00F21481019B9E4200F20581E4
:1036B000012007B0BDE8F08FA3F161020D2AE8D820
:1036C00001A151F822F000BF11380008933600081C
:1036D00093360008933600086D3800084738000814
:1036E00093360008933600081F3800089336000808
:1036F000933600089336000893360008DB3700083D
:10370000A3F14102DAE70E29C3D801A050F821F055
:10371000CB37000893360008CB3700085B38000829
:10372000933600086D370008B1370008B13700083C
:10373000B1370008B1370008B1370008B1370008C9
:10374000B1370008B1370008B13700086E2B09D82F
:10375000602BB1D8542B7BD0592B9AD1072D98D1FF
:1037600008252FE0742B73D0792BF6E72168C80564
:103770001ED521F0800121600137BBF1000F03D07D
:1037800001320BF1FF3BA260A368013BA3602369F8
:1037900001332361D9F80430013B002BC9F8043010
:1037A00040F38280D9F800300133C9F8003062E775
:1037B0001AEB05017FF46DAF226822F4C07222601B
:1037C0000D468A4606F8013BDEE7226810067FF5C3
:1037D00060AF22F080022260F4E7BAF1000F0CD152
:1037E00077B9226802F4E061B1F5E06F08D122F404
:1037F000F06222604FF0010AE4E7BAF1020F50D004
:10380000012D02D0042D7FF444AF0135EDB2D9E78C
:10381000BAF1010F7FF43DAF4FF0020AD2E775B95C
:10382000002F7FF437AF226802F4E061B1F5E06F5A
:1038300040F0038122F4F06222600125C2E7032DEB
:10384000E3D0052DDFE7022D7FF423AF0325B9E791
:10385000062D7FF41EAF0725B4E7226891057FF59A
:1038600018AF22F4207222600297ABE7226802F4BC
:10387000A061B1F5806F05D050057FF50AAF002F2C
:1038800000F0DB80910558BF029922F4F06258BF26
:10389000791A42F4C07258BFCDE90416226000279D
:1038A00090E74FF0030A8DE7D4F88031494640464F
:1038B000984700283FF4DFAEEBE6D4F87C3116F8E9
:1038C000011D4A46404698472369013B2361EBE6C8
:1038D0006B1E062B24D8022D36D8019B9E427FF604
:1038E000E7AED4F87C3116F8011D4A4640469847A9
:1038F0002369013B2361F0E7D4F87C311BF8011DFB
:103900004A46404698472369013B23610AF1FF3A42
:103910005FFA8AFABAF1020FEED1033DEDB2761BDF
:103920002368DA0530D55B0511D5019B9E427FF6F1
:10393000BFAED4F87C3116F8011D4A464046984780
:103940002369013B2361F0E7AA46B346DEE716F898
:10395000011C2369652903F1FF3306F1FF3523615B
:103960000CD045290AD0D4F87C314A4640469847C5
:10397000236916F8021C013BB51E2361D4F87C3183
:103980004A46404698472E46226812F0100201D05F
:1039900000208EE63270236803F4C063B3F5806FB5
:1039A00025D1029B9F420AD0DA1B04F26F139E427C
:1039B00028BF04F5B7762249304600F07BF801991C
:1039C0000022404602F0FCFB039B21681B6811F0BB
:1039D000020F57EC106B03F1040215D003990A6033
:1039E0001B68C3E90067E3680133E360D0E7049B29
:1039F000002BE4D005990A230131404602F060FC17
:103A0000049B059EC21AD0E711F0040F03990A60C7
:103A1000E6D11D6832463B463046394604F05CFC30
:103A200028B1084800F0C2F985ED000ADBE730460E
:103A3000394604F0AFFC2860D5E700272EE600BF2A
:103A4000778A0008D18B00080CB430B5184B0C1ED7
:103A50001D689DB008DA8B232B604FF0FF301DB03E
:103A6000BDE8304002B070474FF40273ADF8143037
:103A70004FF000031B9314BF04F1FF33234604935C
:103A800007934FF6FF7302900690ADF81630209A18
:103A900021AB02A92846019302F070FC431CBCBF75
:103AA0008B232B60002CDAD0029B00221A70D6E701
:103AB0000C0000200EB410B59DB01FAB0290069014
:103AC0006FF000410A48079104910A4953F8042B0A
:103AD0000591002402A9006801931B9402F04EFC9A
:103AE000029B1C701DB0BDE8104003B0704700BFC2
:103AF0000C0000200802FFFF0EB470B59DB021AC91
:103B000000254FF4017254F8046BADF814201B9596
:103B10000290069000F042F90B4B039007900B487F
:103B20000B934FF6FF73ADF816303246234602A9C9
:103B300000680F951495019402F076FD1DB0BDE864
:103B4000704003B0704700BF733B00080C000020BA
:103B500010B50C46B1F90E1000F088F80028ABBF84
:103B6000636DA3891B1823F48053ACBF6365A381E5
:103B700010BD002070472DE9F0411F468B89DB0501
:103B800005460C46164605D5B1F90E100223002253
:103B900000F05AF8A389B4F90E1023F48053A381DE
:103BA00032463B462846BDE8F04100F071B810B5FA
:103BB0000C46B1F90E1000F047F8431CA38915BF5D
:103BC000606523F4805343F48053A38118BFA3811D
:103BD00010BDB1F90E1000F027B8884210B501EB06
:103BE000020402D98442234607D8431EA14208D0CA
:103BF00011F8012B03F8012FF8E7024401468A422D
:103C000000D110BD13F8014D02F8014DF7E7024451
:103C10000346934200D1704703F8011BF9E7000007
:103C2000004870474C01002038B5064D002304467B
:103C300008462B60FDF714FD431C02D12B6803B12D
:103C4000236038BD1805002038B5074D04460846E6
:103C5000114600222A601A46FDF714FD431C02D1CA
:103C60002B6803B1236038BD1805002038B5074D17
:103C700004460846114600222A601A46FDF70AFD4E
:103C8000431C02D12B6803B1236038BD1805002006
:103C900038B5074D04460846114600222A601A46E8
:103CA000FDF700FD431C02D12B6803B1236038BD32
:103CB00018050020014B1868704700BF0C00002059
:103CC00010F8012B11F8013B012A28BF9A42F7D0C6
:103CD000D01A704700000000000000000000000043
:103CE00001F0FF01102A2BDB10F0070F08D010F8AD
:103CF000013B013A8B422DD010F0070F42B3F6D1B1
:103D0000F0B441EA012141EA014122F007047FF0C9
:103D100000070023F0E80256083C85EA010586EA20
:103D2000010685FA47F5A3FA87F586FA47F6A5FA5C
:103D300087F68EB9EED1F0BC01F0FF0102F0070268
:103D400032B110F8013B013A83EA010313B1F8D113
:103D50000020704701387047002D06BF35460338F4
:103D6000073815F0010F07D1013015F4807F02BF2D
:103D7000013015F4C03F0130F0BC0138704700BF7E
:103D80000A44914200F1FF3300D1704710B511F899
:103D9000014B03F8014F9142F9D110BD034613F8CE
:103DA000012B002AFBD1181A013870479FED010A38
:103DB000704700BF0000C07F2DE9F74F03690C6911
:103DC000A34207467EDB013C01F11408A30000F189
:103DD0001405009305EB8403019358F8243055F83B
:103DE000242001339A4208EB8409B2FBF3F62ED368
:103DF0004FF0000AC446AE46D3465CF8043B98B286
:103E000006FB00A0020C1B0C06FB0323DEF80020BF
:103E100080B292B2121A5A44DEF800004FEA134AF6
:103E20009BB2C3EB224303EB104392B242EA03423C
:103E3000E1454EF8042B4FEA234BDED2009BEB58B2
:103E40002BB9019B043B9D421A462FD33C61384657
:103E500001F0C6F9002825DB2946002058F8042B7C
:103E6000D1F800C01FFA82FE1FFA8CF3A3EB0E03F9
:103E70000344120CC2EB234202EB1C429BB243EA06
:103E80000243C14541F8043B4FEA2240E6D255F8CF
:103E9000242005EB840322B9043B9D421A460BD330
:103EA0003C610136304603B0BDE8F08F1268043B38
:103EB000002ACBD1013CC6E71268043B002AEFD1AF
:103EC000013CEAE70020EEE72DE9F04FC76997B023
:103ED0008DED040B55EC104B209E079181460C9202
:103EE00011937FB9102000F009FE0246C9F81C00AA
:103EF00020B9A94BEF21A94802F0FEFEC0E90177E5
:103F00000760C760D9F81C30196859B15A684A600F
:103F1000012393408B60484600F0E6FED9F81C3040
:103F200000221A602B1EB9BF23F000430593002323
:103F30003360059F9A4BBCBF01223260BB4312D154
:103F4000119A42F20F731360C7F31303234300F077
:103F50005A85219BDFF85CA2002B00F05C850AF1FA
:103F6000030300F056BD9DED047B002251EC170BBE
:103F700000238DED0A7B04F07DF9804658B1119A3B
:103F800001231360219B13B1219A864B1360DFF844
:103F900028A200F040BD9DED0A0B14AA15A94846C1
:103FA00001F03EFAC7F30A560290002E78D00B9B20
:103FB000CDF84880C3F31303DDE90A0143F07F53D2
:103FC00043F44013A6F2FF3619460022764BFEF763
:103FD0001FFD6BA3D3E9002303F0E4FE6AA3D3E93A
:103FE0000023FEF717FD044630460D46FEF75EFE41
:103FF00067A3D3E9002303F0D5FE02460B46204613
:104000002946FEF707FD04460D4604F07BF9002221
:10401000074600232046294604F036F940B13846C9
:10402000FEF744FE22462B4604F024F900B9013F76
:10403000162F52D85D4B03EBC703D3E90023DDE90C
:104040000A0104F021F9002849D0013F0023109310
:10405000149B9B1B5A1E45BFC3F101030093002311
:104060000023069254BF00930693002F39DB069B72
:104070000D973B44069300230893079B092B63D8B5
:10408000052BC4BF043B0793079BA3F10203CCBFDE
:1040900000240124032B63D8DFE803F05254372BAC
:1040A000DDE914631E4406F23243202BC1BFC3F185
:1040B00040039F4006F2124324FA03F3D6BFC3F134
:1040C000200347EA030004FA03F0FEF7DFFD0122B4
:1040D000A1F1F873013E129276E70123B7E7109041
:1040E000B6E7009BDB1B00937B42089300230D93F4
:1040F000C3E7012309930C9B07EB030B0BF10103AF
:10410000012B0393B8BF012306E0012309930C9B05
:10411000002B28DD9B460393D9F81C0000210422C4
:1041200002F114059D4226D94160484600F09CFDED
:104130008246002842D11E4B024640F2AF11DAE619
:104140000023E3E70023D5E7012400230793099424
:104150004FF0FF3B0022CDF80CB012230C92DBE7AE
:1041600001230993F4E74FF0010BCDF80CB05B4647
:10417000CDF830B0D0E701315200D1E7AFF3008085
:1041800061436F63A787D23FB3C8608B288AC63F5D
:10419000FB799F501344D33F898A0008A08A000806
:1041A0000000F07F8A8B00080000F83F888C000830
:1041B000F88A0008858A0008898B0008D9F81C3025
:1041C0001860039B0E2B00F2A180002C00F09E8053
:1041D000002F33DD9C4B07F00F0203EBC20393ED7E
:1041E000007BF8058DED0E7B4FEA271416D5974B13
:1041F000DDE90A01D3E9082303F0FEFECDE904015D
:1042000004F00F040326914D54B9DDE90E23DDE9D6
:10421000040103F0F1FECDE9040128E00226F2E7F3
:10422000E10708D5DDE90E01D5E9002303F0BAFD69
:10423000CDE90E01013664100835E5E700F0AF80E6
:104240007C42814B814D04F00F0203EBC203D3E9A2
:104250000023DDE90A0103F0A5FDCDE904012411E5
:1042600000230226002C40F08F80002BD3D1109B1E
:10427000DDE90445002B00F09480754B00222046B8
:10428000294604F001F8002800F08B80039B002BE6
:1042900000F08780BBF1000F34DD20466D4B00221B
:1042A000294603F07FFDCDE9040107F1FF3801360F
:1042B0005C463046FEF7FAFCDDE9042303F072FDAC
:1042C000654B0022FEF7A6FB0546A1F15076002CB7
:1042D0006AD1DDE90401614B0022FEF799FB024639
:1042E0000B46CDE904232A46334603F0EBFF0028B2
:1042F00040F09882DDE904012A4606F1004303F00C
:10430000C3FF38BBDDE90A34CDE90434159B002B2B
:10431000C0F257810E2F00F354814B4B03EBC703C0
:1043200093ED007B0C9B002B8DED007B80F2E580F4
:10433000039B002B00F3E1800CD1484B002251EC91
:10434000170B03F02FFDDDE9042303F0B1FF002874
:1043500000F06682002425460C9B56466FEA03084F
:1043600000272146484600F0BFFC002D00F0BD802C
:104370002FB1AF4203D03946484600F0B5FC29467C
:10438000484600F0B1FCB0E0E20705D5D5E90023CE
:1043900003F008FD013601236410083562E70226A8
:1043A00065E7039CB84684E7274B099903EBC403F0
:1043B00053E902235444002954D02949002003F032
:1043C0001BFE33462A46FEF723FBCDE90E01564677
:1043D000DDE9040103F096FF0546FEF767FC02469F
:1043E0000B46DDE90401FEF713FB303502460B46B0
:1043F000CDE9042306F8015BDDE90E2303F044FF59
:10440000002872D1DDE9042311490020FEF700FBEA
:10441000DDE90E2303F038FF002840F0B480A64207
:104420003FF470AFDDE90E010A4B002203F0BAFC45
:10443000084BCDE90E010022DDE9040103F0B2FCD6
:10444000CDE90401C4E700BF888C0008608C000837
:104450000000F03F0000244000001C400000144019
:104460000000E03F3146284603F09CFCCDE90E01F8
:1044700013945646DDE9040103F044FF0546FEF7B8
:1044800015FC02460B46DDE90401FEF7C1FA3035A2
:1044900006F8015B02460B46A642CDE904234FF025
:1044A000000224D1AF4BDDE90E01FEF7B3FA02465C
:1044B0000B46DDE9040103F005FF002863D1DDE9C7
:1044C0000E23A8490020FEF7A3FA02460B46DDE9B9
:1044D000040103F0D9FE00283FF414AF139E731EAD
:1044E000139316F8013C302BF8D047463BE09E4B27
:1044F00003F058FCCDE90401BCE7DDE9044556466C
:10450000DDE900232046294603F076FD03F0FAFE9C
:104510008046FEF7CBFBDDE9002303F043FC0246B7
:104520000B462046294608F13004FEF771FA06F8DA
:10453000014B039DA6EB0A04A54202460B4633D16C
:10454000FEF768FADDE9002304460D4603F0BAFEE3
:10455000C0B9DDE900232046294603F08BFE10B1E7
:1045600018F0010F0ED10299484600F0BDFB002360
:104570003370119B01371F60219B002B00F04B8291
:104580001E6048E2B84633461E4613F8012D392A0C
:1045900006D19A45F8D1302208F101088AF80020A6
:1045A0001A7801321A70A0E76F4B002203F0FAFB71
:1045B0000022002304460D4603F05CFE00289FD035
:1045C000D1E7099A002A00F0EA80079A012A00F34D
:1045D000CD80129A002A00F0C18003F23343089C78
:1045E000009E009A1A440092069A01211A444846F5
:1045F000069200F077FC054666B1069B002B09DDAC
:10460000B342009AA8BF3346D21A0092069AF61A0D
:10461000D31A0693089B0BB3099B002B00F0C680AE
:10462000002C00F0C08029462246484600F012FDCA
:10463000029A01460546484600F06AFC0299804607
:10464000484600F051FB089B1B1B089300F0B1800B
:10465000089A4146484600F0FDFC02900121484678
:1046600000F040FC0D9B0446002B00F0D8811A4658
:104670000146484600F0EEFC079B012B044600F380
:104680009F80049B002B40F09780059BC3F313038E
:10469000002B40F09380059B23F000431B0D1B056E
:1046A00033B1009B01330093069B01330693012332
:1046B00008930D9B002B00F0B881236904EB830362
:1046C000186900F0C3FBC0F12000069B184410F0ED
:1046D0001F0000F08280C0F12003042B73DD009BDB
:1046E000C0F11C0003440093069B03440644069358
:1046F000009B002B05DD02991A46484600F004FD98
:104700000290069B002B05DD21461A46484600F024
:10471000FBFC0446109B002B61D00298214600F060
:104720005FFD00285BDA002302990A22484600F068
:10473000FDFA099B029007F1FF38002B00F077810A
:10474000294600230A22484600F0F0FABBF1000F88
:1047500005466FDC079B022B49DC6BE0149BC3F121
:1047600036033CE70000E03F00002440039B5C1E52
:10477000089BA34209DB1C1B039B002BBFF630AF39
:10478000009B039A9E1A00232BE7089B0D9A08941E
:10479000E31A1A44009E039B0D92002421E7089C13
:1047A000009E099D28E7DDF8088051E7089A0299E4
:1047B00050E7CDF8088051E7002379E7049B77E7BD
:1047C0000023089379E793D0009A1C331A4400928F
:1047D000069A1A441E4406928AE70346F4E7039BAE
:1047E000002BB84620DC9B46079B022B1EDDBBF14D
:1047F000000F7FF4B1AD21465B460522484600F02C
:1048000095FA01460446029800F0EAFC00287FF77A
:10481000A3AD5646312306F8013B08F101089FE598
:10482000039CB8462546F4E7DDF80CB0099B002B45
:1048300000F00181002E05DD29463246484600F091
:1048400063FC0546089B002B5CD06968484600F075
:104850000BFA064628B9824B024640F2EF21FFF7D9
:104860004ABB2A690232920005F10C010C30FFF7B5
:1048700087FA01223146484600F046FC0AF101035E
:1048800000930AEB0B030893049B03F001032F46EC
:1048900006930546009B0298214603F1FF3BFFF774
:1048A0008BFA03463033039039460298099300F09F
:1048B00097FC2A4604902146484600F0ADFCC268A9
:1048C000099B064602BB0146029800F089FC099B41
:1048D0000246314648460C92099300F005FA079BC0
:1048E0000C9A009E42EA0301069B1943099B0DD1D5
:1048F000392B27D0049A002A01DD039B31338BF832
:1049000000302EE52846B9E70122E2E704990029A4
:1049100004DB079801430698014320D1002AEEDD0D
:10492000029900930122484600F0EEFB21460290D6
:1049300000F056FC0028009B02DCE0D1DA07DED54F
:10494000392BDAD139238BF8003033461E46013B30
:1049500016F8012C392A4ED001321A7001E5002ACE
:1049600003DD392BEED00133C9E7009A089902F82C
:10497000013C8A4228D0029900230A22484600F0CE
:10498000D5F9AF4202904FF000034FF00A023946CA
:10499000484607D100F0CAF907460546009B013397
:1049A000009377E700F0C2F92946074600230A2260
:1049B000484600F0BBF90546F0E7BBF1000FCCBF5D
:1049C0005E4601265644002702990093012248467C
:1049D00000F09AFB2146029000F002FC0028B4DCB3
:1049E00002D1009BDB07B0D433461E4613F8012DDD
:1049F000302AFAD0B5E49A45A8D1312308F101084C
:104A00008AF80030ADE4219BDFF858A01BB10AF111
:104A10000803219A1360504617B0BDE8F08F079B3A
:104A2000012B7FF72EAE0D9B089301204DE6BBF1C5
:104A3000000F7FF7D9AE564602982146FFF7BCF922
:104A400000F1300306F8013BA6EB0A029345B4DD02
:104A5000029900230A22484600F068F90290EBE729
:104A6000F88A00087C8A000838B50546002941D03C
:104A700051F8043C0C1F002BB8BFE41800F0E8F814
:104A80001D4A136833B9636014602846BDE8384096
:104A900000F0E4B8A34208D9206821188B4201BF76
:104AA00019685B6809182160EDE71A465B680BB16D
:104AB000A342FAD911685018A0420BD120680144D2
:104AC000501883421160E0D118685B685360084455
:104AD0001060DAE702D90C232B60D6E72068211892
:104AE0008B4204BF19685B68636004BF09182160CA
:104AF0005460CAE738BD00BF20050020024B0146C4
:104B0000186800F025B800BF0C00002070B50F4EEB
:104B10000C463168054611B902F0D0F830602146E4
:104B2000284602F0CBF8431C03D14FF0FF34204657
:104B300070BDC41C24F00304A042F8D0211A2846FA
:104B400002F0BCF80130F2D1EFE700BF1C050020F5
:104B50002DE9F843CD1C25F0030508350C2D38BF91
:104B60000C25002D064601DBA94204D90C23336035
:104B70000020BDE8F883DFF8D48000F069F8D8F8A9
:104B800000301C4644BB29463046FFF7BFFF431C9C
:104B9000044658D1D8F800402746002F43D1002CB6
:104BA0004BD023683946304604EB030902F086F8FF
:104BB000814542D121686D1A29463046FFF7A6FF8C
:104BC00001303AD023682B442360D8F800305A686B
:104BD00062BBC8F800700FE02268521B20D40B2A79
:104BE00017D96119A342256018BF5960636808BFCF
:104BF000C8F8001062514B60304600F02FF804F105
:104C00000B00231D20F00700C21A1CBF1B1AA35063
:104C1000AFE76268A3420CBFC8F800205A60EBE718
:104C200023466468AEE73C467F68B6E71A465B6891
:104C3000A342FBD100235360DEE70C2333603046F0
:104C400000F00CF894E70560D6E700BF20050020CF
:104C5000014802F044B800BF24050020014802F0DA
:104C60003FB800BF2405002070B5C66904460D4654
:104C700076B91020FFF742FF0246E06120B9184BD9
:104C800018486B2102F038F8C0E901660660C6607A
:104C9000E669F36883B1E369DB6853F82500B8B9C6
:104CA000012101FA05F6721D9200204602F042F839
:104CB00060B1C0E901560EE021220421204602F035
:104CC00039F8E369F060DB68002BE4D1002070BDA7
:104CD000026843F825200023C0E90333F7E700BF4B
:104CE000898A0008098B000870B5C66905460C461C
:104CF00076B91020FFF702FF0246E86120B9094BA0
:104D000009488F2101F0F8FFC0E901660660C6601E
:104D10003CB1EB696268DB6853F82210216043F80C
:104D2000224070BD898A0008098B00082DE9F041F6
:104D30000D6907460C461E4601F1140C0020DCF8F4
:104D4000003099B202FB01611E0C0B0C02FB063312
:104D500089B2013001EB034185424CF8041B4FEA54
:104D60001346ECDC0EB3A368AB4219DC616838462D
:104D70000131FFF779FF804628B902460C4B0D48F8
:104D8000BA2101F0B9FF2269023204F10C0192004C
:104D90000C30FEF7F5FF21463846FFF7A5FF4446E5
:104DA00004EB850301355E6125612046BDE8F08195
:104DB000F88A0008098B00082DE9F8430C461546CF
:104DC0001F4609220833064693FBF2F30021012215
:104DD0009A4209DB3046FFF747FF40B90246194BBC
:104DE0001948D32101F088FF52000131F0E7089BF8
:104DF0004361092D4FF00103036116DD04F1090938
:104E0000C8462C4418F8013B0146303B0A22304684
:104E1000FFF78CFFA045F5D1A5F108044C442D1BEC
:104E20006319BB4204DBBDE8F8830A340925F6E7C1
:104E300014F8013B0146303B0A223046FFF776FF6B
:104E4000EEE700BFF88A0008098B0008B0F5803F44
:104E5000034636BF030400201020B3F1807F3CBF1F
:104E60001B020830B3F1805F3CBF1B010430B3F17B
:104E7000804F3CBF9B000230002B05DB13F0804FBE
:104E800000F1010008BF202070470368024613F0BC
:104E900007000BD0D90721D4980749BF5B089B08AE
:104EA000012013605CBF13600220704799B209B9FA
:104EB0001B0C1020D9B209B908301B0A190704BF0E
:104EC0001B090430990704BF9B080230D90703D49B
:104ED0005B0800F1010003D01360704700207047A9
:104EE0002020704710B50C460121FFF7BDFE024699
:104EF00028B9054B054840F2451101F0FDFE01239C
:104F00004461036110BD00BFF88A0008098B0008E6
:104F10002DE9F04F17460A693B699A42A8BF3B4604
:104F20008946A4BF0F4699463D69D9F810A0BB68D1
:104F3000796805EB0A06B34285B0B8BF0131FFF7C7
:104F400093FE30B90246414B41484FF4B17101F034
:104F5000D3FE00F1140404EB860E234600227345B1
:104F600020D307F1140809F1140108EB850501EBC2
:104F70008A030293EB1B153B23F00303043315371D
:104F8000BD4238BF04230193029B03918B420CD88E
:104F9000002E03DD5EF8043D002B55D0066105B000
:104FA000BDE8F08F43F8042BD9E7B1F800A0BAF1BF
:104FB000000F1FD0C446A14600275CF8042BD9F887
:104FC00000301FFA82FB9BB20AFB0B333B44D9F83B
:104FD0000070120C3F0C0AFB027202EB13429BB2F0
:104FE00043EA0243654549F8043B4FEA1247E4D8D7
:104FF000019BE750039BB3F802900431B9F1000F15
:1050000020D023684746A4464FF0000AB7F800B006
:10501000BCF8022009FB0B2252449BB243EA024334
:105020004CF8043B57F8043B4FEA134ABCF80030F5
:1050300009FB0A3303EB1243BD424FEA134AE5D89A
:10504000019AA35004349FE7013EA1E7F88A0008C3
:10505000098B00082DE9F843154612F003020746B4
:105060000E4607D0254C013A002354F82220FFF7C2
:105070005DFE0646AD103DD0FC697CB91020FFF7FF
:105080003DFD0246F86128B91D4B1E4840F2B311A0
:1050900001F032FEC0E901440460C460D7F81C800E
:1050A000D8F808404CB940F271213846FFF71AFF92
:1050B0000023C8F80800044603604FF00009EB071E
:1050C0000AD5314622463846FFF722FF3146804650
:1050D0003846FFF709FE46466D100BD0206838B9F8
:1050E000224621463846FFF713FF2060C0F80090A3
:1050F0000446E4E73046BDE8F88300BF548C00085E
:10510000898A0008098B00082DE9F0470C46496898
:10511000236903EB6218A368074691464FEA621AB7
:1051200008F10106B3420BDB3846FFF79DFD05464B
:1051300048B90246284B29484FF4EF7101F0DCFDD5
:1051400001315B00EEE7002300F1140100F11002D1
:105150001846534533DB20692AEAEA7A04F114033E
:1051600019F01F0901EB8A0103EB800C2BD0C9F168
:10517000200E8A460022186800FA09F010434AF807
:10518000040B53F8042B9C4522FA0EF2F3D8ACEB37
:105190000403153B23F00303043304F115006045B9
:1051A00088BF0423CA500AB108F10206013E3846FE
:1051B0002E612146FFF798FD2846BDE8F08742F8AA
:1051C000040F0133C5E7043953F8042B41F8042FC9
:1051D0009C45F9D8EAE700BFF88A0008098B000867
:1051E0000A6903460069801A30B50ED114331431B0
:1051F00003EB820401EB820154F8045D51F8042DA5
:10520000954203D005D24FF0FF3030BDA342F3D317
:10521000FBE70120F9E700002DE9F74F8946064634
:10522000114648461446FFF7DBFF051E12D12946FA
:105230003046FFF719FD024628B93F4B40F23721AF
:105240003E4801F059FD0123C0E90435104603B082
:10525000BDE8F08FBCBF4B46A1463046D9F80410DC
:10526000BABF1C4601250025FFF7FEFC024618B90F
:10527000314B40F24521E3E7D9F810702669C5604B
:1052800009F1100309F1140504F1140E00F1140BD7
:1052900005EB87080EEB86060193D9464FF0000C0C
:1052A000019B5EF8040B53F804AF01931FFA8AF3D5
:1052B000194683B2CB1A000C6344C0EB1A4000EBD2
:1052C00023409BB243EA0043764549F8043B4FEA4A
:1052D000204CE5D8331B153B23F00303153404336E
:1052E000A64238BF04231D445B441E462C46444559
:1052F0000ED308F10301491B21F00301033DA8452A
:1053000038BF00210B4453F8041D91B117619DE78C
:1053100054F8041BE646080C1CFA81FC714400EBAF
:105320002C4089B241EA004146F8041B4FEA204C68
:10533000DDE7013FE7E700BFF88A0008098B0008B6
:1053400082B08DED000B019A0F4B1340A3F1507307
:10535000002B08DC5B42B3F1A07F4FEA235204DA52
:105360004FF400231341002208E0A2F114031E2B86
:10537000DABF4FF00042DA400122002319461046FE
:1053800041EC100B02B070470000F07F2DE9F041B6
:10539000066900F1140808EB8606371F56F8042C3E
:1053A0001046FFF753FDC0F120030A280B601B498C
:1053B00015DCC0F10B0C22FA0CF3B84543EA0105E9
:1053C00034BF56F8083C0023153002FA00F023FAE7
:1053D0000CF303431C4645EC104BBDE8F081B84587
:1053E0003ABF56F8083CA6F1080700230B3812D044
:1053F000C0F1200123FA01F482402243474542F0E4
:105400007F558CBF57F8042C00228340CA4045F4D6
:1054100040151343DEE742EA0105DBE70000F03FF9
:105420002DE9F7430F46012159EC108B1646FFF783
:105430001BFC044630B90246234B244840F20F318E
:1054400001F05AFCC9F30A55C9F313030DB143F433
:1054500080130193B8F1000323D068460093FFF74F
:1054600014FDDDE90012D0B1C0F1200302FA03F30C
:105470000B43C24063610192019BA361002B0CBFEF
:10548000012202222261A5B1A5F2334505443D6007
:10549000C0F135003060204603B0BDE8F0836161A3
:1054A000EAE701A8FFF7F1FC019B636120300122CC
:1054B000E8E704EB8203A0F2324038601869FFF796
:1054C000C5FCC0EB4210E5E7F88A0008098B00082C
:1054D0002DE9F04F85B0CDE9001002A9FFF756FF86
:1054E000009803A955EC104BFFF750FF019B196979
:1054F000009B1B69C91ADDE902329B1A5BEC10ABF9
:1055000003EB4113002BCEBF2A46C3EB03335A46AD
:105510002F46D946CCBF02EB035702EB03594B464B
:1055200052462046394602F067FD41EC100B05B0AB
:10553000BDE8F08F013970B549111469013102F1EC
:10554000140300EB810103EB8404051FA3420CD379
:10555000A31A113B23F003031132A24288BF002398
:1055600018440023884205D370BD53F8046B45F8F6
:10557000046FEBE740F8043BF4E700F11402006924
:105580004B11984210B511DB0ADD11F01F0107D055
:1055900052F8234024FA01F000FA01F18C420BD1B9
:1055A00002EB8303934203D8002010BD0346F7E7C4
:1055B00053F8041D0029F5D00120F6E770B5044624
:1055C0000D4645EC104B1646FFF7BAFE51EC100B9A
:1055D0007EB1C5F30A53C3F16B03002B09DD1B0534
:1055E00003F17F55002405F5401522462B4602F0B5
:1055F000D9FB41EC100B70BD2DE9F04F9FB00C466C
:10560000179200221A9205904FF0000A4FF0000BFB
:105610000A46199211782B294AD038D80D2932D848
:10562000082932D800293BD000220E92199D2A78F1
:10563000302A40F0B2806A7802F0DF02582A6ED138
:1056400002930E9B01931AAB00938F4A05981BABF4
:1056500019A901F0EBFB10F00F06044605D0062E49
:1056600028D10135002319950E93179B002B40F08C
:105670008E850E9BCBB152460BF1004343EC102BB1
:105680001FB0BDE8F08F2029CED10132C1E72D290E
:10569000CAD101210E91511C19915278002AC5D10D
:1056A000179B1994002B40F0708552465B46E5E746
:1056B0000021EFE71A9A3AB135211CA8FFF73AFF0B
:1056C0001A990598FFF710FB013E1B9A042E06D885
:1056D000DFE806F014031D201400DDE91CABE10532
:1056E00048BF4BF0004B2BF000431B0D1B05002B5C
:1056F000BBD1FEF7DFFA22230360B6E7DDE91CA386
:1057000002F2334223F4801343EA025BE7E7DFF857
:1057100080B1E4E76FF0004B4FF0FF3ADFE7199BF1
:105720005A1C19925B78302BF9D0002B9DD00123A5
:1057300000270893199B0C930B97B9460A221998D6
:105740000578A5F13003D9B2092928D94F4901229A
:1057500001F0A1FA002832D000202A460A904D46D6
:105760000346652A01D0452A14D11DB9089A02437F
:1057700096D00025199C621C199262782B2A7AD047
:105780002D2A7ED04FF0000CA2F13001092940F201
:10579000858019944FF00008A5E00023C8E7B9F10F
:1057A000080FD8BF0B9900F10100DABF02FB0133EB
:1057B0000B9302FB073709F101091990BFE7199B09
:1057C0005A1C19925A78B9F1000F3BD00A904D46F5
:1057D000A2F13003092B12D90123C2E7199B5A1CED
:1057E00019925A780130302AF8D0A2F13103082BEF
:1057F00000F2D284199B0A9000200C930546303A9F
:1058000000F1010318D00A9919440A912E464FF06D
:105810000A0E711CA1EB050C634515DC20EAE07053
:105820002B18082B05F1010505441ADC0B990A23F6
:1058300003FB01230B930023199A511C19915278F1
:105840001846C5E74846CEE7082E05DC0B9E0EFB42
:1058500006F60B960E46DCE71029D8BF0EFB07F7BD
:10586000F8E70F2BDCBF0A2303FB0727E3E700233E
:105870000A9301237AE74FF0000CA21C1992A27838
:1058800082E74FF0010CF8E7648D0008F986000804
:105890000000F07F199A511C19915278302AF9D0E2
:1058A000A2F1310108293FF675AF303A0992199AF1
:1058B0000F924FF00A08199A561C19965278A2F1C5
:1058C000300EBEF1090F39D90F99761A082E44F619
:1058D0001F6803DC09998845A8BF8846BCF1000F02
:1058E00001D0C8F10008002D4ED1089908437FF47B
:1058F000BCAE002B7FF4D4AE692A28D025DC492A1F
:1059000025D04E2A7FF4CCAE9A4919A801F0B0FCFC
:1059100000283FF4C5AE199B1B78282B2ED1964941
:105920001CAA19A801F0B8FC052827D11D9BDDF899
:1059300070A043F0FF4B4BF4E00B96E6099908FB8F
:105940000121A1F130020992B5E76E2ADAE78B490D
:1059500019A801F08DFC00283FF4A2AE199B8849DC
:10596000013B19A8199301F083FC10B9199B01336D
:105970001993DFF81CB24FF0000A76E6814801F077
:10598000B3F95BEC10AB70E60A9B0B98A8EB030332
:10599000B9F1000F08BFA946102D09932C46A8BFE6
:1059A0001024FDF773F9092D82468B4613DC099B01
:1059B000002B3FF45AAE099B78DD162B5FDC724951
:1059C00001EBC301D1E9000152465B4602F0EAF95E
:1059D00082468B4649E66C4B03EBC40353E9122322
:1059E00002F0E0F9824638468B46FDF74FF9024651
:1059F0000B4650465946FDF70DF80F2D82468B4653
:105A0000D5DD099B2C1B1C44002C40F3938014F023
:105A10000F030AD05C4901EBC30152465B46D1E952
:105A2000000102F0BFF982468B4634F00F0473D0B8
:105A3000B4F59A7F49DD0024A0460B94A146059A4F
:105A4000DFF84CB1222313604FF0000A0B9B002BB0
:105A50003FF40BAE1A990598FFF746F905984946A9
:105A6000FFF742F905984146FFF73EF90B99059873
:105A7000FFF73AF905982146FFF736F9F5E5099A57
:105A8000C5F125039342BCDB3F4CC5F10F0504EB88
:105A9000C50152465B46D1E9000102F083F9099B3A
:105AA0005D1B04EBC504D4E900238FE71633A8DBA4
:105AB0000A9BA3EB0808344B03EBC808D8E9002382
:105AC0005046594602F098FA82E700232F4F2411DE
:105AD000504659461E46012C21DC0BB182468B46AE
:105AE0002A49ABF1547B01EBC60152465B46D1E932
:105AF000000102F057F9264B0A460B4025498B421C
:105B0000824698D8A1F580118B4286BFDFF888B015
:105B10004FF0FF3A02F1547B0023089376E0E2074E
:105B200004D5D7E9002302F03DF9012301366410C2
:105B30000837D0E7F0D0644214F00F020AD0124BBD
:105B400003EBC20350465946D3E9002302F054FA4E
:105B500082468B462411DFD01F2C1FDD0024A04677
:105B60000B94A146059A22234FF0000A4FF0000B38
:105B700013606BE7528A0008508D00084A8A0008BB
:105B80007F8A0008D18B0008888C0008608C000890
:105B90000000F07F0000A07CFFFFEF7F14F01003F7
:105BA00018BF6A23A94E0893504659460023E707B9
:105BB00004D5D6E9002302F0F5F80123641006F1BC
:105BC0000806F4D10BB182468B46089BB3B1CBF3E8
:105BD0000A52C2F16B03002B59460FDD1F2B56DD15
:105BE000342BDEBF4FF0FF33C2F14B0293404FF036
:105BF000000ACCBF4FF05C7B03EA010B00220023BC
:105C00005046594602F036FB0028A7D10B9B009363
:105C10000C9905982B464A46FFF7CEF80B900028C2
:105C20003FF409AF099A0A9B002AA3EB0803A8BF17
:105C300000231293002422EAE2731693A0460B9BE2
:105C400005985968FFF710F8814600283FF4F7AE31
:105C50000B9B1A69023203F10C0192000C30FEF723
:105C60008FF84BEC10AB05981CAA1BA9CDE90CAB27
:105C7000FFF7D6FB1A9000283FF4E1AE059801210A
:105C8000FFF730F9804648B94FF00008D7E64FF0EB
:105C9000FF3202FA03F303EA0A0AAFE71B9D1C9ADC
:105CA000002DABBF129B169B169E129FACBFEF1828
:105CB0005E1B089BED1A1544654B013D9D42C2F1E8
:105CC000360250DA5B1B1F2BA2EB03024FF00101DF
:105CD0003DDC01FA03F3139300231093BD18089BD6
:105CE000AF4216441E443B46A8BF2B46B342A8BF52
:105CF0003346002BC2BFED1AF61AFF1A129B002B77
:105D000016DD414605981A46FFF7A4F9804600289B
:105D1000BAD001461A9A0598FFF7FAF80A900028B7
:105D20003FF48DAE1A990598FEF7DEFF0A9B1A9391
:105D3000002D1DDC099B002B23DD4946169A059892
:105D4000FFF788F98146E0B94FF0000977E6C5F121
:105D50007F4505F57F0505F57B45E23501FA05F33D
:105D600010931391BAE70023109301231393B5E71F
:105D70001A9905982A46FFF7C7F91A900028D9D131
:105D80005DE6002E07DD494605983246FFF7BCF96F
:105D900081460028D8D0002F08DD414605983A46B4
:105DA000FFF7B2F9804600283FF449AE1A990598EA
:105DB0004A46FFF731FA044600283FF440AEC36874
:105DC0000F930023C3604146FFF70AFA002845DA23
:105DD0000F9B53EA0A036BD1CBF31303002B67D15C
:105DE0002BF000431B0D1B05B3F1D66F60D963691F
:105DF00013B92369012B5BDD214601220598FFF7CA
:105E000083F941460446FFF7EBF9002850DD2BF0FB
:105E10000043089A1B0D1B05002A6AD0B3F1D66F08
:105E200067D8B3F15C7F7FF69DAE0A4B504659466A
:105E3000002201F0B7FF084B0B4082468B46002B37
:105E40007FF408AE059A2223136003E6788D0008DC
:105E500002FCFFFF000050390000F07FCDF828B0B1
:105E600065D10F9ACBF313035AB39F4A93422BD1B8
:105E7000089B514603B39D4B5A461340B3F1D46F70
:105E80004FF0FF321BD81B0DC3F16B0302FA03F373
:105E9000994219D1964B0A9A9A4202D101313FF4A4
:105EA000CEAD924B0A9A1A4002F5801B4FF0000AC1
:105EB000089B002BB9D1CDE54FF0FF33E8E713463F
:105EC000E6E753EA0A03A2D0109BDBB10A9A134219
:105ED000EED00F9B089A50465946BBB1FFF76EFBB8
:105EE000DDE90C0153EC102BFCF794FD82468B4648
:105EF000DEE7A3F580136FEA135B6FEA0B5B4FF0ED
:105F0000FF3AD5E7139B13EA0A0FE1E7FFF756FBC9
:105F1000DDE90C0153EC102BFCF77AFD0022002385
:105F200082468B4602F0A6F90028C1D01AE6414607
:105F30002046FFF7CDFA57EC106B00224FF080435C
:105F40003046394602F0AAF900286FD00F9B002B8B
:105F50007AD1BAF1000F58D10A9BC3F31303002B77
:105F60005AD1644B00223046394602F08DF90028A0
:105F700059D130463946604B002201F013FF0646E6
:105F80000F4607F1004306960793DDE90623574DB8
:105F9000CDE910230A9B1D40584B9D4240F0B28032
:105FA0000A9BA3F1547B4BEC10ABFFF7C9F9DDE979
:105FB000062351EC100B01F0F5FE52465B46FCF750
:105FC00029FD0B4649494E4A19409142824642D921
:105FD0000D9A474B9A4203D10C9B01333FF42FADEE
:105FE000DFF80CB14FF0FF3A1A990598FEF77CFEE6
:105FF00005984946FEF778FE05984146FEF774FE7F
:1060000005982146FEF770FE19E6BAF1010F03D19B
:106010000A9B002B3FF4A6AD9FED2B7B354F8DEDFA
:10602000067B0026B1E7344F0026AAE7324B304604
:106030003946002201F0B6FE0F9B06460F46002BA4
:106040009FD0CDE90667A0E79FED217B8DED067B14
:1060500057EC176B99E703F1547B089BCDF828B0F8
:10606000002BC1D12BF000431B0D1B059D42BBD162
:106070003046394602F0DEF9FCF754FE02460B4684
:1060800030463946FCF7C4FC0B460246CDE90C23EA
:10609000CBF313060F9B46EA0A061E436FD00EA3EE
:1060A000D3E9002302F0F0F800287FF4D3AC0CA36E
:1060B000D3E90023DDE90C0102F004F9002893D0B4
:1060C000C8E400BFAFF30080000000000000F0BF94
:1060D000000000000000F03F9535A094FFFFDF3F77
:1060E00035E5AF350000E03FFFFF0F000000F07F17
:1060F000FFFFEF7F0000F03F0000E03F0000E07F87
:10610000FFFF9F7C089B23B3B5F1D46F21D828A350
:10611000D3E900233046394602F0C0F8A0B1394631
:10612000304602F017F9012838BF0120FCF7AEFD18
:106130000F9B06460F46FBB901F1004314901593DF
:10614000DDE91423CDE91023119B03F1D6635B1B1A
:1061500011939DED0C0BDDE910ABFFF7F1F8504604
:1061600053EC102B594601F01DFEDDE90C23FCF722
:1061700051FC82468B4670E7CDE91467E0E70EA339
:10618000D3E9002302F080F898E700230E93179AD2
:10619000199B1360FFF76DBA652A3FF468AB452A77
:1061A0003FF465AB0123FFF7A0BB00BFAFF3008056
:1061B0000000C0FFFFFFDF419535A094FFFFCF3FF8
:1061C000014BFFF719BA00BF5C000020242B2DE91A
:1061D000F0478646904601D8012B06D1FDF76AFDAF
:1061E000162303600020BDE8F08734480D462A4698
:1061F00015F8014B065D16F00806F8D12D2C10D1CC
:106200002C780126951C33F0100215D1302C0DD1BD
:106210002A7802F0DF02582A08D16C780235102360
:106220000AE02B2C04BF2C78951CECE7002BF6D150
:10623000302C14BF0A23082306F1004C0CF1FF3C5C
:106240000022BCFBF3F9104603FB19CAA4F1300786
:10625000092F0FD83C46A3421BDD571C07D08145B0
:1062600014D301D1A24511DB00FB0340012215F834
:10627000014BEBE7A4F14107192F01D8373CEAE7BE
:10628000A4F16107192F04D8573CE4E74FF0FF321F
:10629000EDE7531C08D12223CEF800306046B8F158
:1062A000000FA0D0691E06E006B14042B8F1000F11
:1062B00099D0002AF6D1C8F8001094E7A18D000803
:1062C000FFF784BF2DE9F0478E681F46BE420B687A
:1062D00082460C4690462DD8B1F90C2012F4906FEE
:1062E00026D06569096905EB4505A3EB010905EBB6
:1062F000D5757B1C4B446D109D4238BF1D46530520
:1063000027D52946FEF724FC064660B321694A4694
:10631000FDF736FDA38923F4906343F08003A38146
:10632000266165614E44A5EB09052660A5603E46E1
:10633000BE4200D93E46206832464146FDF74DFC3C
:10634000A3689B1BA3602368334423600020BDE83F
:10635000F0872A4601F04DF806460028E0D1216971
:106360005046FEF781FB0C23CAF80030A38943F0A6
:106370004003A3814FF0FF30E9E700002DE9F04F23
:1063800098468B891B069DB007460D46144610D5CE
:106390000B6973B94021FEF7DBFB2860286130B937
:1063A0000C233B604FF0FF301DB0BDE8F08F402361
:1063B0006B610023099320238DF82930CDF80C80E0
:1063C0003023DFF89C818DF82A304FF001092346F5
:1063D0009A4613F8012B0AB1252AF9D1BAEB040B1E
:1063E0000BD05B46224629463846FFF76BFF01304B
:1063F00000F0A780099A5A4409929AF80030002BBD
:1064000000F09F8000234FF0FF32CDE905230AF111
:10641000010A049307938DF853301A9354460522CA
:1064200014F8011B4E48FDF75BFC049AD8B9D0065E
:1064300044BF20238DF85330110744BF2B238DF820
:1064400053309AF800302A2B15D0079A5446002072
:106450004FF00A0C214611F8013B303B092B4BD978
:10646000B0B1079214E0A0EB080309FA03F3134359
:106470000493A246D2E7039B191D1B680391002BCE
:10648000BBBF5B4242F0020207930793B8BF04927E
:1064900023782E2B0AD163782A2B32D1039B1A1D25
:1064A0001B68039243EAE37302340593DFF8C0A04C
:1064B000217803225046FDF713FC38B1049BA0EB72
:1064C0000A004022824013430134049314F8011B54
:1064D00024488DF828100622FDF702FC002836D04B
:1064E000214B1BBB039B073323F0070308330393A4
:1064F000099B334409936AE70CFB02320C460120E6
:10650000A8E700230134059319464FF00A0C2046F2
:1065100010F8012B303A092A03D9002BC6D0059177
:10652000C4E70CFB012104460123F0E703AB009311
:106530002A460E4B04A93846FCF7C2FC421C06460C
:10654000D6D1AB895B063FF52DAF09982CE703AB9D
:1065500000932A46054B04A93846FCF749FFEDE7AE
:10656000628B00086C8B0008C12E0008C562000811
:10657000688B000838B54B1C144603D14FF0FF352B
:10658000284638BD938923F020039381636B5268BA
:10659000CDB28BB1A36B934208DD23685A1E2260F3
:1065A00003F8015C636801336360E9E7214600F0AA
:1065B00038FB0028F1D0E1E72169236851B1994205
:1065C00008D213F8011CA94204D1013B0132236017
:1065D0006260D5E7C4E90F3204F144036363032327
:1065E000A363234603F8465F23600123DCE710B56D
:1065F0000C46496B69B104F14403994201D0FEF79E
:1066000033FA236C63600020606313B1E36B236093
:1066100010BD2369236000236360A38943F0200336
:10662000A3814FF0FF30F3E72DE9F04F0C46ADF5B5
:10663000237D0021CDE94411A649A0910DF1040864
:10664000A549A64FCDF818810646A191009392F86E
:106650000090B9F1000F00F0588117F8093013F0DD
:10666000080302F1010519D06368002B0FDD2368D0
:106670001A78BA5C120701D42A46E8E7459A013233
:10668000459262680133013A62602360ECE7A19BA6
:106690002146304698470028E9D0EDE7B9F1250FAB
:1066A00040F085804193439353782A2B02BF1023F7
:1066B000951C41930A22AA461AF8011BA1F1300346
:1066C000092B1ED9DFF818B203225846FDF708FB44
:1066D00038B1419AA0EB0B0001238340134341934F
:1066E000554615F8013B782B06D8572B10D8252B8B
:1066F0005DD057D8002B75D0032347930A234293CC
:1067000088E0439B02FB0311303943915546D2E7A1
:10671000A3F15802202AEFD801A151F822F000BFBE
:10672000F3670008F9660008F96600084D6800087C
:10673000F9660008F9660008F9660008F9660008BD
:10674000F9660008F9660008F96600086368000841
:1067500049680008AB670008AB670008AB67000832
:10676000F966000805680008F9660008F96600087F
:10677000F9660008F9660008736800080D680008EB
:10678000EB670008F9660008F96600086F68000802
:10679000F966000849680008F9660008F96600080B
:1067A000F3670008453B022BA6D8052331E0636858
:1067B000002B0DDD23681A784A4540F0A68001338E
:1067C00062682360459B013A01336260459353E759
:1067D000A19B2146304698470028EBD044980028DA
:1067E00040F08B804FF0FF308BE0419A42F0200266
:1067F0004192419A42F40072419210226E2B4292D1
:1068000002D905E000234293032302E008234293C8
:10681000042347936368002B39DD419B590604D458
:1068200023681A78BA5C120738D4479B022B47DCDE
:106830006B46224641A9304600F06CF8012864D02E
:1068400002287FF419AFC9E70A22D7E72946404654
:1068500000F0AEF9419B43F040034193054601230C
:10686000D7E7419B43F0400341930023D1E7022344
:10687000CFE74198C3063FF5FFAE009B459A191D2F
:1068800000911B68C0074CBF1A801A60F4E6A19BF8
:106890002146304698470028BFD09FE7459A0132ED
:1068A00045926268013A002A626002DD013323608A
:1068B000B6E7A19B2146304698470028B0D08DE727
:1068C000042B0FDC6B46224641A9304600F07CF8D1
:1068D000B4E700BF75650008EF650008A18D0008EA
:1068E000688B00080A4B002B3FF4C6AE6B4622466D
:1068F00041A93046FCF79AFEA0E7A3895B063FF565
:1069000071AF0DF5237DBDE8F08F4498F9E700BF26
:106910002D3600082DE9F84315468A6880460C4656
:1069200032B98A69002A14BF4FF0FF3201228A600F
:106930002268DFF89090D1065FBF1A68111D1960B8
:1069400016680027A06988B1012807D12B681A783A
:1069500063699B5C53B9002F31D022E0022820D11B
:106960002B681B7819F803301B071AD42368DA0642
:106970005EBF2B681B7806F8013B2A686B68013202
:106980002A60A268013B013A6B600137A26042B104
:10699000002BD7DCD4F880312946404698470028A0
:1069A000D0D0236813F0100305D1E2680132E26011
:1069B000A26902B1337023693B4423610020BDE822
:1069C000F88300BFA18D00082DE9F04F9846744B65
:1069D0000C468246164693E8070087B003AB83E86F
:1069E0000700704BA169704A032908BF1A46A368C3
:1069F00001925A1EB2F5AE7F88BF6FF4AE7527467E
:106A000082BF03EB050940F25D13A36057F81C3BFE
:106A100043F4506398BF4FF0000923603D464FF0A8
:106A2000000B316803AB097853F82B000222FDF705
:106A300057F928B3BBF1010F59D162682AB922680E
:106A4000082142F4007261602260226822F4A06290
:106A50002260A268511EA16092B13268511C31605F
:106A6000127805F8012B7268013A002A726007DC7F
:106A7000D4F88021314650469047002840F0858068
:106A80000BF1010BBBF1030FCBD163680BB90A23E8
:106A90006360636845496069C91A00F089F84FF07E
:106AA000000BA3682268002B3DD03168606991F823
:106AB00000C010F80C00002835D0BCF1300F24D1F4
:106AC000100522D50BF1010BB9F1000F03D00133F2
:106AD00009F1FF39A3607368013B002B73601BDD74
:106AE000336801333360A368013BA360D9E7BBF18E
:106AF000020FAED1226802F4C061B1F5007FC4D1AB
:106B00001021616042F48072A2E722F410622260D8
:106B10000B7805F8013BDEE7D4F88031314650466A
:106B200098470028DFD02368D9050DD5BD4209D983
:106B300015F8011CD4F87C3132465046984705F1CF
:106B4000FF394D46BD4228D0226812F0100213D101
:106B50002A706368019E39465046B047D8F8003025
:106B600021681A1DC8F8002011F0200F1B680FD0F3
:106B70001860E3680133E3602369ED1B5D442B4437
:106B80002361002007B0BDE8F08F4FF0000BCAE78B
:106B9000CA074CBF18801860EBE70120F2E700BF7E
:106BA000A48E0008C16200082D750008838B0008C0
:106BB00070B50B7804465E2B0BBF4B784A1C8A1CC1
:106BC000002108BF0121013804F1FF0500F8011F71
:106BD000A842FBD10BB9501E70BD81F00101E154F8
:106BE0001046024612F8015B2D2D05D05D2D16D002
:106BF000002DF1D02B46F2E746785D2EFAD0B34255
:106C0000F8DC02301A4601329642A154FBDCF21A3B
:106C1000013A5D1CB342A8BF0022AB18E1E7104661
:106C2000DAE72DE9F0410C46496B04F1440399423F
:106C30001DD14FF48061FDF78BFF18B94FF0FF3085
:106C4000BDE8F0814FF48063A36394F8463060633D
:106C500080F8FF3394F8453080F8FE3394F84430E0
:106C600080F8FD3300F2FD3020600020E8E7A66BDD
:106C700077003A4600F0BDFB05460028DED000EB69
:106C80000608014632464046FDF77AF8C4E90D573A
:106C9000C4F80080E9E710B56AB10139841810F82A
:106CA000012B11F8013F9A4203D1A04201D0002AE2
:106CB000F5D1D01A10BD1046FCE7000038B5064DDE
:106CC0000023044608462B60FAF7ACFC431C02D1B3
:106CD0002B6803B1236038BD18050020704770474A
:106CE00070470000000000009FED010B704700BFDF
:106CF000000000000000F87F1FB514461A46094B3B
:106D00001B680546D8684CB1074B0091CDE90134AA
:106D100006492B4600F06AFD00F098FD044B1C4626
:106D2000F3E700BF0C000020968B0008A38B00083F
:106D3000D18B000870B5A1FB025434B92946FDF788
:106D400007FF064628B9304670BD0C2202600026B7
:106D5000F9E72A462146FCF75AFFF4E70369B3EB4B
:106D6000611F2DE9F0434FEA611200F1140445DD83
:106D700011F01F0104EB830604EB82050CD100F136
:106D800010072946B14234D39B1A9B00EA1E964253
:106D900038BF0023234415E054F82270C1F12008C5
:106DA000CF4005F1040EA1467645F44615D89A1A4F
:106DB0009200043A0135AE4238BF0022A318A75012
:106DC00007B104331A1BA3424FEAA20208BF0023F3
:106DD000026108BF4361BDE8F083DCF800C00CFA33
:106DE00008FC4CEA070749F8047B5EF8047BCF40B7
:106DF000DAE751F804CB47F804CFC3E72346E1E7CD
:106E0000A0F13003092B02D82038C0B27047A0F19E
:106E10006103052B01D84738F7E7A0F14103052BA3
:106E200001D82738F1E70020704700002DE9F04F26
:106E300085B08A4602930B68019090469C1CA1463F
:106E400014F8010B3028FAD0A9EB0303A3F1020BCD
:106E5000FFF7D6FF0546002868D1A0490122484621
:106E6000FFF719FF0746002867D199F80100264669
:106E7000FFF7C6FF002862D02346187830289946CD
:106E800003F10103F9D0FFF7BBFFB0FA80F56D09FC
:106E90004FF0010B4A46164601323078FFF7B0FF3B
:106EA0000028F8D18D4901223046FFF7F4FE002872
:106EB0003FD144B9741C2246164601323078FFF7A0
:106EC0009FFF0028F8D1A41BA700337803F0DF034D
:106ED000502B3ED173782B2B33D02D2B34D0711CFB
:106EE00000240878FFF78CFF431EDBB2182B30D844
:106EF000A0F1100211F8010FFFF782FF00F1FF3C33
:106F00005FFA8CFCBCF1180F4FF00A031ED904B1D4
:106F100052421744CAF80010EDB1BBF1000F0CBF8C
:106F200006250025284605B0BDE8F08F00252C4633
:106F3000B0E7002CC7D12746C7E74E462F460125AC
:106F4000C3E70024B11CCCE70124FBE703FB0200EC
:106F5000CEE73146DEE7A6EB0903013B2946072BC6
:106F60000ADC0198FDF780FE044640B95C4B0246FE
:106F7000E4215C48FFF7C0FE01315B10EFE700F150
:106F8000140A002355469B46B14537D345F804BB48
:106F9000A5EB0A05AD1025615846FDF757FF6D01B9
:106FA000D8F800602D1AB54254DDAD1B29462046A5
:106FB000FEF7E3FA814678B16B1E591103F01F0208
:106FC0005AF821104FF0010909FA02F20A4203D0DF
:106FD0004B4536DC4FF0020929462046FFF7BEFE3E
:106FE0002F44D8F80830BB4242DA01982146FDF719
:106FF0007BFE0E9A00231360A32593E716F8012D5C
:107000002E2A12D0202B04D145F804BB4FF0000BE0
:107010005B4630780393FFF7F3FE039B00F00F000D
:1070200098404BEA000B0433AEE7B145EAD82B4950
:10703000039301223046FFF72EFE039B0028E1D187
:10704000A2E7A91E2046FEF798FA0028C2D04FF00A
:107050000309C1E709DA751B214601982A46FEF7A4
:1070600053F87F1B044600F1140A4FF00009B8E7FB
:10707000D8F80450BD426FDDED1BAE4234DCD8F8C9
:107080000C30022B22D0032B24D0012B15D1AE4281
:1070900013D1012E0BD1029AD8F8043013600123CA
:1070A0002361CAF800300E9B62251C603AE7711E0E
:1070B0002046FEF762FA0028EDD101982146FDF73F
:1070C00013FE0E9A0023136050252BE70F9B002B15
:1070D000F3D1E0E70F9B002BDDD1EEE7F986000846
:1070E000F88A0008D28B00086F1EB9F1000F30D16A
:1070F00027B139462046FEF740FA81467A1101232E
:107100005AF8222007F01F07BB40134229462046A9
:1071100018BF49F00209FFF721FED8F80470761B6A
:107120000225B9F1000F47D0D8F80C30022B15D04A
:10713000032B17D0012B09D119F0020F06D0DAF872
:10714000003049EA030919F0010F0ED145F010058E
:1071500032E04FF00109D1E70125E2E70F9BC3F1CF
:1071600001030F930F9B002BF0D0D4F810B004F163
:1071700014034FEA8B0A03EB8B014FF0000C184607
:1071800053F8042BB2F1FF3F1BD001320260022DF5
:1071900004F114033CD1D8F80020013AB24209D1DD
:1071A0007111012253F8213006F01F0602FA06F68B
:1071B0001E423AD145F020050E9B1C60029B1F60C9
:1071C000B0E6994243F804CCD9D8A3689B4517DBB5
:1071D000616801980131FDF747FD814618B91A4BE6
:1071E00002468421C5E62269023204F10C019200B4
:1071F0000C30FCF7C5FD21460198FDF775FD4C46A6
:1072000023695A1C04EB8303226101225A61BEE701
:1072100022695A450BDD01212046FFF79FFDD8F872
:1072200008300137BB42FFF6E0AE0125C2E716F099
:107230001F06FAD05344C6F1200653F8040CFDF79C
:1072400005FEB042E7DBF0E7F88A0008C2F1080269
:10725000920070B5C2F120064368046803FA06F58F
:107260002C43D340046040F8043F8842F4D370BDFF
:1072700030B50368013311F8014B14B903600120E4
:1072800030BD13F8012BA2F14105192D98BF203212
:10729000A242F0D00020F3E72DE9F04F0B6801681F
:1072A0005E1102EB860613F01F0387B018BF043689
:1072B0000025371F82469046019346F8045CB94684
:1072C0003C460295AB464A784B1C039342B31046AA
:1072D00005910492FFF794FD002851D1049A059975
:1072E000202A18D8029B9B4513DD4C4506D2072D5A
:1072F00004DC2A4649462046FFF7A8FF444552D9F8
:107300000023A4F1040944F8043CCDF808B04C462D
:107310001D460399D7E7292A57D10231CAF8001030
:10732000BBF1000F51D04C4506D2072D04DC2A4694
:1073300049462046FFF78AFF444536D9A8F10402A2
:10734000234653F8041B42F8041F9F42F9D23B1B0B
:1073500023F0030304330134033EB44288BF042303
:107360004344002243F8042B9F42FBD23B681BB9E5
:10737000474528D101233B60052007B0BDE8F08FC9
:107380000135082D0BF1010B06DD4445C1D9002361
:1073900044F8043C0125043C226800F00F0040EA58
:1073A00002102060B5E70825B3E7019B002BDDD074
:1073B000C3F120034FF0FF32DA4056F8043C13408B
:1073C00046F8043CD2E7043FD0E70420D5E782B07A
:1073D00001B901A942B14BB113780B601278101EAC
:1073E00018BF012002B070471046FBE76FF00100A4
:1073F000F8E72DE9F041074614460D4621B9BDE8EE
:10740000F0411146FDF7A4BB2AB9FDF72DFB254637
:107410002846BDE8F08100F020FA8442064602D8F2
:10742000B4EB500FF4D821463846FDF791FB804667
:1074300008B94546ECE7B4422246294628BF324601
:10744000FCF79EFC29463846FDF70EFBF1E70000ED
:107450002DE9F043344E86460D46284615F8014B7B
:10746000375D17F00807F8D12D2C10D12C780127A3
:10747000851C33F0100015D1302C0DD1287800F088
:10748000DF00582808D16C78023510230AE02B2C35
:1074900004BF2C78851CECE7002BF6D1302C14BFF0
:1074A0000A2308234FF0FF380026B8FBF3F803FB4C
:1074B00008F96FEA09093046A4F1300CBCF1090F54
:1074C00010D86446A3421EDDB6F1FF3F07D08045C9
:1074D00016D301D1A14513DB00FB0340012615F8AB
:1074E000014BE9E7A4F1410CBCF1190F01D8373C7D
:1074F000E8E7A4F1610CBCF1190F04D8573CE1E7AF
:107500004FF0FF36EBE7731C06D12223CEF8003094
:10751000304632B9BDE8F08307B14042002AF9D0C5
:1075200006B1691E1160F5E7A18D0008FFF790BF55
:107530000346084641B1FF2A04D98A221A604FF057
:10754000FF3070470A70012070470000B1F90C202D
:107550002DE9F041160705460C4654D44B68002B24
:1075600002DC0B6C002B48DDE66A002E45D00023C0
:1075700012F480522F68216A2B6030D0626DA3898B
:10758000590705D56368D21A636B0BB1236CD21A05
:107590000023E66A216A2846B047431CA38906D126
:1075A00029681D292BD82A4ACA40D60727D5002288
:1075B0006260D9042269226004D5421C01D12B6883
:1075C00003B96065616B2F60B9B104F1440399425E
:1075D00002D02846FDF748FA002363630DE001233B
:1075E0002846B0470246501CC9D12B68002BC6D094
:1075F0001D2B01D0162B1ED12F60002022E043F05E
:1076000040031BB21BE00F69002FF6D093070E68F2
:1076100008BF4B690F6018BF0023A6EB07088B60FB
:10762000B8F1000FE9DD216AA66A43463A462846CA
:10763000B047002808DCB4F90C3043F04003A381C4
:107640004FF0FF30BDE8F0810744A8EB0008E7E702
:107650000100402038B50B6905460C4613B90025DA
:10766000284638BD18B1036A0BB900F0A7F8B4F981
:107670000C30002BF3D0626ED00704D4990502D4ED
:10768000A06DFFF72CFB28462146FFF75FFF636ED6
:10769000DA070546E4D4A3899B05E1D4A06DFFF782
:1076A0001FFBDDE7002310B50446C0E90033C0E945
:1076B0000433836081814366C28183611946082255
:1076C0005C30FCF7A4FA0D4B63620D4BA3620D4BCB
:1076D000E3620D4B23630D4B24629C4206D003F101
:1076E0006802944202D0D0339C4205D104F1580084
:1076F000BDE81040FFF7F2BA10BD00BF513B0008D3
:10770000773B0008AF3B0008D33B0008280500206A
:10771000024A0349034800F07BB800BFC8010020BB
:10772000557600081000002041680C4B994210B5B6
:10773000044601D0FFF78EFFA168094B994202D0A1
:107740002046FFF787FFE168064B994204D02046A8
:10775000BDE81040FFF77EBF10BD00BF2805002028
:1077600090050020F805002010B50B4B0B4C0C4A7F
:107770001A60204600220421FFF794FF04F16800FC
:1077800001220921FFF78EFF04F1D0000222BDE89B
:1077900010401221FFF786BF600600202805002058
:1077A000117700080148FFF79ABA00BF25050020AD
:1077B0000148FFF795BA00BF2505002010B5044623
:1077C000FFF7F0FF236A1BB1BDE81040FFF7F0BFE1
:1077D000044B2362044B1B68002BF5D1FFF7C4FF59
:1077E000F2E700BF29770008600600200EB403B559
:1077F000014603AB054853F8042B0068019300F0E1
:107800005DF802B05DF804EB03B070470C00002097
:107810002DE9F8430746884614460026D4E9019529
:10782000B9F1010905D52468002CF7D13046BDE82F
:10783000F883AB89012B07D9B5F90E30013303D09A
:1078400029463846C04706436835E9E708B50620AB
:1078500000F008FA0120F9F737FF51F8043C181F2F
:10786000002BBCBF0B58C01870479368013B002B1E
:1078700010B4936008DA9469A34201DB0A2903D1AA
:107880005DF8044B00F032B91368581C1060197091
:1078900008465DF8044B7047F8B506460F46144697
:1078A000D518AC4201D1002007E014F8011B3A467C
:1078B0003046FFF7DAFF431CF3D1F8BD2DE9F04F56
:1078C0000D469DB014469846064618B1036A0BB99A
:1078D000FFF774FF6B6ED90705D4AB899A0502D404
:1078E000A86DFFF7FCF9AB891B0701D52B699BB984
:1078F0002946304600F038F970B16B6EDC0704D5CC
:107900004FF0FF301DB0BDE8F08FAB899805F7D47C
:10791000A86DFFF7E5F9F3E70023099320238DF81D
:107920002930CDF80C803023DFF8AC818DF82A3077
:107930004FF0010923469A4613F8012B0AB1252A74
:10794000F9D1BAEB040B0BD05B46224629463046F0
:10795000FFF7A2FF013000F0A780099A5A4409926C
:107960009AF80030002B00F09F8000234FF0FF3288
:10797000CDE905230AF1010A049307938DF85330EA
:107980001A935446052214F8011B5348FCF7A8F932
:10799000049AD8B9D10644BF20238DF85330130779
:1079A00044BF2B238DF853309AF800302A2B15D082
:1079B000079A544600204FF00A0C214611F8013B6B
:1079C000303B092B4BD9B0B1079214E0A0EB080370
:1079D00009FA03F313430493A246D2E7039B191D4C
:1079E0001B680391002BBBBF5B4242F0020207936E
:1079F0000793B8BF049223782E2B0AD163782A2BE1
:107A000032D1039B1A1D1B68039243EAE3730234CD
:107A10000593DFF8D4A0217803225046FCF760F9E3
:107A200038B1049BA0EB0A0040228240134301348A
:107A3000049314F8011B29488DF828100622FCF73E
:107A40004FF900283FD0264B1BBB039B073323F085
:107A5000070308330393099B3B4409936AE70CFB34
:107A600002320C460120A8E7002301340593194691
:107A70004FF00A0C204610F8012B303A092A03D99E
:107A8000002BC6D00591C4E70CFB0121044601235D
:107A9000F0E703AB00932A46124B04A93046FBF7EC
:107AA0000FFA0746781CD6D16B6ED90705D4AB897F
:107AB0009A0502D4A86DFFF713F9AB895B063FF571
:107AC0001FAF09981EE703AB00932A46054B04A994
:107AD0003046FBF78DFCE4E7628B00086C8B0008F6
:107AE000C12E000899780008688B0008F8B50E468A
:107AF0001446054618B1036A0BB9FFF75FFEA36988
:107B0000A360A3891A0701D5236943B921462846F2
:107B100000F02AF818B14FF0FF373846F8BD236857
:107B20002269981A6369F6B28342374605DC21461A
:107B30002846FFF78FFD0028EDD1A368013BA36025
:107B400023685A1C22601E706269431C9A4204D04A
:107B5000A389DB07E1D50A2EDFD121462846FFF7AE
:107B600079FD0028D9D0D6E738B5294B05461868E5
:107B70000C4618B1036A0BB9FFF720FEB4F90C30BC
:107B8000190722D4DA0607D409222A6043F04003F9
:107B9000A3814FF0FF3033E0580712D5616B41B13C
:107BA00004F14403994202D02846FCF75DFF00230C
:107BB0006363A38923F02403A38100236360236903
:107BC0002360A38943F00803A38123694BB9A389E8
:107BD00003F42073B3F5007F03D02146284600F05C
:107BE00083F8B4F90C3013F001020AD00022A2602D
:107BF00062695242A261226942B913F08000C5D184
:107C000038BD990758BF6269A260F4E70020F7E722
:107C10000C0000201F2938B505460C4604D9162350
:107C200003604FF0FF3038BDC26B12B152F8213003
:107C30004BB9284600F030F8224601462846BDE8F8
:107C4000384000F017B8012B0AD0591C03D1162375
:107C500003600120E7E7002142F8241020469847FE
:107C60000020E0E7024B01461868FFF7D3BF00BFD2
:107C70000C00002038B5074D002304460846114685
:107C80002B60F9F719FD431C02D12B6803B1236067
:107C900038BD00BF18050020F9F70CBD70B50C46C3
:107CA000B1F90E10002996B015461E460DDAA389CB
:107CB00013F0800F4FF0000114BF40234FF4806396
:107CC000002031602B6016B070BD6A4600F048F8A5
:107CD0000028ECDB019901F47041A1F500535942F1
:107CE00059414FF48063EBE78B89F7B59D07064652
:107CF0000C4607D504F14703236023610123636128
:107D000003B0F0BD01AB6A46FFF7C8FF009F054610
:107D100039463046FCF71CFF48B9B4F90C309A05D7
:107D2000EED423F0030343F00203A381E2E7A38927
:107D3000206043F08003A381019BC4E904075BB189
:107D4000B4F90E10304600F01DF828B1A38923F0D5
:107D5000030343F00103A381A3891D43A581CFE75A
:107D600038B5074D00230446084611462B60F9F745
:107D70007FFC431C02D12B6803B1236038BD00BFD8
:107D80001805002038B5064D0023044608462B6030
:107D9000F9F773FC431C02D12B6803B1236038BD93
:107DA0001805002070B54FF0FF0C4CF4E06C1CEA95
:107DB00011541DBF1CEA135594EA0C0F95EA0C0FE1
:107DC00000F0DEF82C4481EA030621EA4C5123EA54
:107DD0004C5350EA013518BF52EA033541F4801183
:107DE00043F4801338D0A0FB02CE4FF00005E1FB36
:107DF00002E506F00042E0FB03E54FF00006E1FB80
:107E000003569CF0000F18BF4EF0010EA4F1FF04C2
:107E1000B6F5007F64F5407404D25FEA4E0E6D4102
:107E200046EB060642EAC62141EA55514FEAC52013
:107E300040EA5E504FEACE2EB4F1FD0C88BFBCF58F
:107E4000E06F1ED8BEF1004F08BF5FEA500E50F140
:107E5000000041EB045170BD06F0004646EA010106
:107E600040EA020081EA0301B4EB5C04C2BFD4EB38
:107E70000C0541EA045170BD41F480114FF0000E31
:107E8000013C00F3AB8014F1360FDEBF002001F09F
:107E9000004170BDC4F10004203C35DA0C341BDC19
:107EA00004F11404C4F1200500FA05F320FA04F0EB
:107EB00001FA05F240EA020001F0004221F000411F
:107EC00010EBD37021FA04F642EB06015EEA430E92
:107ED00008BF20EAD37070BDC4F10C04C4F12005C2
:107EE00000FA04F320FA05F001FA04F240EA020075
:107EF00001F0004110EBD37041F100015EEA430E46
:107F000008BF20EAD37070BDC4F1200500FA05F265
:107F10004EEA020E20FA04F301FA05F243EA0203E4
:107F200021FA04F001F0004121FA04F220EA0200F3
:107F300000EBD3705EEA430E08BF20EAD37070BD39
:107F400094F0000F0FD101F00046400041EB010119
:107F500011F4801F08BF013CF7D041EA060195F0FB
:107F6000000F18BF704703F00046520043EB0303B5
:107F700013F4801F08BF013DF7D043EA06037047A2
:107F800094EA0C0F0CEA135518BF95EA0C0F0CD0AD
:107F900050EA410618BF52EA4306D1D181EA0301F3
:107FA00001F000414FF0000070BD50EA410606BFED
:107FB0001046194652EA430619D094EA0C0F02D132
:107FC00050EA013613D195EA0C0F05D152EA033677
:107FD0001CBF104619460AD181EA030101F0004195
:107FE00041F0FE4141F470014FF0000070BD41F0DE
:107FF000FE4141F4780170BD70B54FF0FF0C4CF4B8
:10800000E06C1CEA11541DBF1CEA135594EA0C0FD6
:1080100095EA0C0F00F0A7F8A4EB050481EA030E23
:1080200052EA03354FEA013100F088804FEA03330A
:108030004FF0805545EA131343EA12634FEA0222D8
:1080400045EA111545EA10654FEA00260EF0004199
:108050009D4208BF964244F1FD0404F5407402D2EB
:108060005B084FEA3202B61A65EB03055B084FEA7C
:1080700032024FF480104FF4002CB6EB020E75EB79
:10808000030E22BFB61A754640EA0C005B084FEAA1
:108090003202B6EB020E75EB030E22BFB61A75461E
:1080A00040EA5C005B084FEA3202B6EB020E75EB69
:1080B000030E22BFB61A754640EA9C005B084FEAE1
:1080C0003202B6EB020E75EB030E22BFB61A7546EE
:1080D00040EADC0055EA060E18D04FEA051545EADD
:1080E00016754FEA06164FEAC30343EA52734FEA86
:1080F000C2025FEA1C1CC0D111F4801F0BD141EAFF
:1081000000014FF000004FF0004CB6E711F4801F63
:1081100004BF01430020B4F1FD0C88BFBCF5E06F43
:108120003FF6AFAEB5EB030C04BFB6EB020C5FEA53
:10813000500C50F1000041EB045170BD0EF0004EA8
:108140004EEA113114EB5C04C2BFD4EB0C0541EADA
:10815000045170BD41F480114FF0000E013C90E6D7
:1081600045EA060E8DE60CEA135594EA0C0F08BF9B
:1081700095EA0C0F3FF43BAF94EA0C0F0AD150EA9A
:1081800001347FF434AF95EA0C0F7FF425AF10462D
:1081900019462CE795EA0C0F06D152EA03353FF455
:1081A000FDAE1046194622E750EA410618BF52EAD2
:1081B00043067FF4C5AE50EA41047FF40DAF52EAA6
:1081C00043057FF4EBAE12E74FF0FF3C06E000BF43
:1081D0004FF0010C02E000BF4FF0010C4DF804CD50
:1081E0004FEA410C7FEA6C5C4FEA430C18BF7FEA10
:1081F0006C5C1BD001B050EA410C0CBF52EA430C3E
:1082000091EA030F02BF90EA020F0020704710F1BD
:10821000000F91EA030F58BF994208BF90422CBF4C
:10822000D8176FEAE37040F0010070474FEA410C45
:108230007FEA6C5C02D150EA013C07D14FEA430C63
:108240007FEA6C5CD6D152EA033CD3D05DF8040BD4
:10825000704700BF8446104662468C461946634606
:1082600000E000BF01B5FFF7B7FF002848BF10F1DD
:10827000000F01BD4DF808EDFFF7F4FF0CBF012022
:1082800000205DF808FB00BF4DF808EDFFF7EAFF9E
:1082900034BF012000205DF808FB00BF4DF808ED59
:1082A000FFF7E0FF94BF012000205DF808FB00BF4E
:1082B0004DF808EDFFF7CEFF94BF012000205DF8D8
:1082C00008FB00BF4DF808EDFFF7C4FF34BF0120E5
:1082D00000205DF808FB00BF4FEA410C7FEA6C5CB0
:1082E00002D150EA013C0AD14FEA430C7FEA6C5CB0
:1082F00002D152EA033C02D14FF0000070474FF028
:10830000010070474FEA410212F5001215D211D553
:108310006FF47873B3EB625212D94FEAC12343F082
:10832000004343EA505311F0004F23FA02F018BF04
:10833000404270474FF00000704750EA013005D1CD
:1083400011F0004008BF6FF0004070474FF0000090
:10835000704700BF4A0011D212F5001211D20DD59C
:108360006FF47873B3EB62520ED44FEAC12343F03B
:10837000004343EA505323FA02F070474FF00000E5
:10838000704750EA013002D14FF0FF3070474FF094
:10839000000070474FEA4102B2F1E04324BFB3F559
:1083A000001CDCF1FE5C0DD901F0004C4FEAC0026C
:1083B0004CEA5070B2F1004F40EB830008BF20F050
:1083C0000100704711F0804F21D113F13872BCBF0A
:1083D00001F00040704741F480114FEA5252C2F15F
:1083E0001802C2F1200C10FA0CF320FA02F018BFA8
:1083F00040F001004FEAC1234FEAD32303FA0CFCFB
:1084000040EA0C0023FA02F34FEA4303CCE77FEA89
:10841000625307D150EA01331EBF4FF0FE4040F4D3
:108420004000704701F0004040F0FE4040F4000082
:10843000704700BF38B50022002304460D46FFF701
:1084400023FF28B920462946BDE8384000F00AB885
:10845000204605F1004100F005F8404261EB410182
:1084600038BD00BFD0B50C4B002206460F46FFF7C3
:1084700099FCFFF76FFF0446FAF708FC074B002250
:10848000FFF790FC02460B4630463946FAF7C0FA31
:10849000FFF760FF2146D0BD0000F03D0000F04135
:1084A0000000000052B8CB410000A0420000F4C21E
:1084B0000000000000008242000007430000164355
:1084C0000000164300000000000040C200003443DA
:1084D0000000A04100000B430000804300008743E0
:1084E000000087430000B4430000F041000000009A
:1084F000000000000000A042000087430000B443D9
:108500000000F0410000803F0000803F000000417B
:108510000000004164006400F4010000080700004E
:1085200003000000000000000000344300000000D1
:10853000000000004001F000A000780000000000F2
:108540004001F000A00078000000000000000000E2
:10855000000000000000000000000000000000001B
:10856000000000000000000000000000000000000B
:108570000000000000000000000000000000344384
:1085800000000000000000004001F000A0007800A2
:10859000000000004001F000A00078000000000092
:1085A00000000000000000000000000000000000CB
:1085B00000000000000000000000000000000000BB
:1085C00000000000000000000000000000000000AB
:1085D0000000344300000000000000004001F000F3
:1085E000A0007800000000004001F000A00078002A
:1085F000000000000000000000000000000000007B
:10860000000000000000000000000000000000006A
:10861000000000000000000000000000000000005A
:1086200000000000000034430000000000000000D3
:108630004001F000A0007800000000004001F000C0
:10864000A000780000000000000000000000000012
:10865000000000000000000000000000000000001A
:10866000000000000000000000000000000000000A
:10867000000000004F4B00535441525445440053F6
:10868000544152545F52454A45435445443A20634D
:10869000616C6962726174696F6E2F726566657272
:1086A000656E63652F706C616E2F73746174650005
:1086B00053746174696F6E6172795472616E73661E
:1086C00065722076313B2050574D20696E69746980
:1086D000616C6C79206F66663B204155544F207267
:1086E000657175697265732063616C69627261742A
:1086F000656420636F6E6669672E005043395F536F
:10870000544F5000555345525F53544F50005354EB
:10871000415455530073746174653D257520697427
:10872000656D3D257520706C616365643D25752020
:1087300068656C643D2575207265663D2564206220
:108740007573793D2564206661756C743D257320D1
:1087500068773D256420783D252E3266207A3D25B8
:108760002E326620677269703D252E316620747244
:1087700061793D252E31662074686574613D252E32
:10878000316600425553593A2053544F50206F726E
:1087900020535441545553206F6E6C79005A455202
:1087A0004F20256620256620256620256620256623
:1087B000202563005245464552454E43455F41439F
:1087C00043455054454420286D616E75616C20709E
:1087D0006879736963616C20706C6163656D656E47
:1087E0007420726571756972656429005A45524F2B
:1087F0005F52454A4543544544004158495320255A
:1088000075202566202563004A4F475F4C494D4936
:10881000543A206D61782032206D6D0053455256D8
:108820004F202575202566202563004A4F475F4C61
:10883000494D49543A206D6178203520646567724E
:1088400065657300534E4150202575202575202500
:1088500075202563004241445F534E415000534E02
:1088600041505F53454E5400535441525420257596
:108870002025752025752025752025752025752036
:108880002563004241445F504C414E00436F6D6D83
:10889000616E64733A20535441545553207C205ADE
:1088A00045524F2078207A20746865746120747274
:1088B00061792067726970207C20415849532030CB
:1088C0002F31206162736F6C7574655F6D6D207CF4
:1088D00020534552564F20302F312F322064656788
:1088E00072656573207C20534E4150206D6F646526
:1088F00020636F6C6F722072696E67207C20535406
:108900004152542063312072312063322072322070
:108910006333207233207C2053544F500056495308
:10892000494F4E20666C6167733D257520753D2566
:108930006420763D2564207175616C6974793D25EC
:108940006420773D256420683D25640048415244F9
:10895000574152455F4641554C54004E4F4E4500DD
:10896000534552564F5F52454A4543544544004192
:108970005849535F52454A45435445440054435077
:108980005F4F5554534944455F524F490056495330
:10899000494F4E5F5354414C4500564953494F4E41
:1089A0005F554E434F4E4649524D4544005649533C
:1089B000494F4E5F4F5554534944455F524F49000C
:1089C0005645524946595F504F534954494F4E00FE
:1089D000414C49474E5F4E4F545F434F4E564552B0
:1089E00047454400414C49474E5F585F4C494D490B
:1089F0005400414C49474E5F414E474C455F4C49FE
:108A00004D49540053544154455F54494D454F55C9
:108A1000540043414D4552415F54494D454F5554D3
:108A200000475249505F4F50454E005049434B5FFD
:108A30005800444F4E4520332F33004241445F538A
:108A40005441544500494E4600696E66004E414E01
:108A5000006E616E0030313233343536373839418B
:108A600042434445460030313233343536373839A5
:108A70006162636465660065256C6400496E6669C1
:108A80006E697479004E614E005245454E54206D1A
:108A9000616C6C6F63207375636365656465640006
:108AA0002F6275696C642F676E752D746F6F6C73B0
:108AB0002D666F722D73746D33325F31332E332E0A
:108AC00072656C312E32303234303932362D3137D6
:108AD00031352F7372632F6E65776C69622F6E6507
:108AE000776C69622F6C6962632F7374646C69625E
:108AF0002F64746F612E630042616C6C6F6320732E
:108B00007563636565646564002F6275696C642FC5
:108B1000676E752D746F6F6C732D666F722D737425
:108B20006D33325F31332E332E72656C312E32301D
:108B30003234303932362D313731352F7372632F5D
:108B40006E65776C69622F6E65776C69622F6C69F0
:108B500062632F7374646C69622F6D707265632E2B
:108B60006300232D302B2000686C4C006566674540
:108B7000464700412D46612D663839303132333455
:108B80003536375D002B2D0030300078580043001B
:108B9000504F534958002C2066756E6374696F6E90
:108BA0003A2000617373657274696F6E20222573B9
:108BB00022206661696C65643A2066696C652022D2
:108BC0002573222C206C696E65202564257325731E
:108BD0000A002F6275696C642F676E752D746F6F54
:108BE0006C732D666F722D73746D33325F31332E5B
:108BF000332E72656C312E32303234303932362DAC
:108C0000313731352F7372632F6E65776C69622F40
:108C10006E65776C69622F6C6962632F7374646C24
:108C200069622F6764746F612D6765746865782E5B
:108C300063000000000000000000010203040607BA
:108C400008090000000001020304010203040607F2
:108C50000809000005000000190000007D00000068
:108C60000080E03779C34143176E05B5B5B8934628
:108C7000F5F93FE9034F384D321D30F94877825AF4
:108C80003CBF737FDD4F1575000000000000F03F12
:108C900000000000000024400000000000005940D7
:108CA0000000000000408F40000000000088C3402A
:108CB00000000000006AF8400000000080842E419F
:108CC00000000000D01263410000000084D79741EB
:108CD0000000000065CDCD41000000205FA00242F1
:108CE000000000E876483742000000A2941A6D4266
:108CF000000040E59C30A2420000901EC4BCD64259
:108D000000003426F56B0C430080E03779C3414303
:108D100000A0D8855734764300C84E676DC1AB4379
:108D2000003D9160E458E143408CB5781DAF154497
:108D300050EFE2D6E41A4B4492D54D06CFF0804472
:108D4000F64AE1C7022DB544B49DD9794378EA4487
:108D500034000000CEFBFFFFCB0300000100000049
:108D60000000000035000000CEFBFFFFCB03000039
:108D70000100000000000000BC89D897B2D29C3CE2
:108D800033A7A8D523F649393DA7F444FD0FA532F2
:108D90009D978CCF08BA5B25436FAC642806681199
:108DA00000202020202020202020282828282820BB
:108DB00020202020202020202020202020202020B3
:108DC000208810101010101010101010101010101B
:108DD000100404040404040404040410101010100B
:108DE00010104141414141410101010101010101D5
:108DF0000101010101010101010101011010101027
:108E000010104242424242420202020202020202A6
:108E100002020202020202020202020210101010FA
:108E20002000000000000000000000000000000022
:108E30000000000000000000000000000000000032
:108E40000000000000000000000000000000000022
:108E50000000000000000000000000000000000012
:108E60000000000000000000000000000000000002
:108E700000000000000000000000000000000000F2
:108E800000000000000000000000000000000000E2
:108E900000000000000000000000000000000000D2
:108EA00000000000858B0008888B00088B8B000871
:088EB00010AEFF7F010000007D
:108EB80000000080FFFFFFFF007A030A1000002077
:108EC800000000002805002090050020F80500207B
:108ED800000000000000000000000000000000008A
:108EE800000000000000000000000000000000007A
:108EF800000000000000000000000000000000006A
:108F08000000000000000000000000004300000016
:108F18000000000000000000000000000000000049
:108F280000000000000000000000000043000000F6
:108F38000000000000000000000000000000000029
:108F480000000000000000000000000043000000D6
:108F58000000000000000000000000000000000009
:108F680000000000000000000000000043000000B6
:108F780000000000000000000000000000000000E9
:108F88000000000000000000000000004300000096
:108F980000000000000000000000000000000000C9
:108FA8000000000000000000000000004300000076
:108FB80000000000000000000000000000000000A9
:108FC8000000000000000000000000004300000056
:108FD8000000000000000000000000000000000089
:108FE80000000000000000000000000031750008CB
:108FF800CF73000800000000A08D0008F986000863
:10900800D18B0008D18B0008D18B0008D18B0008C8
:10901800D18B0008D18B0008D18B0008D18B0008B8
:10902800D18B0008FFFFFFFFFFFFFFFFFFFFFFFFE0
:10903800FFFF0000010041534349490000000000C0
:109048000000000000000000000000000000000018
:10905800000000000000415343494900000000009F
:1090680000000000000000000000000000000000F8
:1090780000000000000000000000000003000000E5
:049088002805002097
:0400000508001FE1EF
:00000001FF
